Profile Key 1,Profile Key 2,IDENT,D1,SIB,D2,D(3)
AF1-NA,BM1-NA,<10000,67136.9,<10000,<10000,<10000
AF2-NA,BF2-NA,<10000,32377.3,<10000,<10000,<10000
AF2-NA,BM2-NA,<10000,20088.4,<10000,<10000,<10000
AF3-NA,BF3-NA,<10000,147739,148127,<10000,<10000
AF4-NA,BF4-NA,<10000,100477,<10000,<10000,<10000
AF4-NA,BM4-NA,<10000,51788.5,<10000,<10000,<10000
AF5-NA,BF5-NA,<10000,415744,<10000,<10000,<10000
AF5-NA,BM5-NA,<10000,442911,10744,<10000,<10000
AF6-NA,BF6-NA,<10000,426616,<10000,<10000,<10000
AF6-NA,BM6-NA,<10000,121089,16612.3,<10000,<10000
AF8-NA,BF8-NA,<10000,475622,<10000,<10000,<10000
AF8-NA,BM8-NA,<10000,109677,<10000,<10000,<10000
AF9-NA,BF9-NA,<10000,26123.8,<10000,<10000,<10000
AF10-NA,BM10-NA,<10000,54519,<10000,<10000,<10000
AF11-NA,BF11-NA,<10000,224542,11277.3,<10000,<10000
AF11-NA,BM11-NA,<10000,1.1482e+06,304579,12901.2,<10000
AF11-NA,CF11-NA,<10000,488081,<10000,<10000,<10000
AF12-NA,BM12-NA,<10000,11931,<10000,<10000,<10000
AF13-NA,BF13-NA,<10000,7.68696e+06,309270,93594.2,<10000
AF13-NA,BM13-NA,<10000,3.82612e+06,<10000,43288.9,<10000
AF14-NA,BF14-NA,<10000,2.50795e+06,225250,21909.9,<10000
AF14-NA,BM14-NA,<10000,54159.2,<10000,<10000,<10000
AF15-NA,BF15-NA,<10000,45737.3,<10000,<10000,<10000
AF15-NA,BM15-NA,<10000,203877,18356.4,<10000,<10000
AF16-NA,BF16-NA,<10000,2.71274e+07,750286,230711,<10000
AF16-NA,BM16-NA,<10000,263420,41184.1,<10000,<10000
AF17-NA,BF17-NA,<10000,2.63079e+07,3.72793e+06,224984,<10000
AF17-NA,BM17-NA,<10000,5.29549e+06,223086,114877,<10000
AF18-NA,BM18-NA,<10000,1.77252e+06,75115.6,10870,<10000
AF19-NA,BF19-NA,<10000,3.85594e+06,24527.5,27473,<10000
AF19-NA,BM19-NA,<10000,710307,21228.1,<10000,<10000
AF20-NA,BF20-NA,<10000,28403.6,<10000,<10000,<10000
AF20-NA,BM20-NA,<10000,19238.2,<10000,<10000,<10000
AF21-NA,BF21-NA,<10000,170258,<10000,<10000,<10000
AF21-NA,BM21-NA,<10000,35778.9,<10000,<10000,<10000
AF22-NA,BF22-NA,<10000,36314.6,<10000,<10000,<10000
AF22-NA,BM22-NA,<10000,65481.7,10383.2,<10000,<10000
AF23-NA,BF23-NA,<10000,898023,36015.3,<10000,<10000
AF23-NA,BM23-NA,<10000,74990.4,<10000,<10000,<10000
AF24-NA,BF24-NA,<10000,945967,861151,<10000,<10000
AF24-NA,BM24-NA,<10000,144349,<10000,<10000,<10000
AF25-NA,BF25-NA,<10000,702821,<10000,<10000,<10000
AF25-NA,BM25-NA,<10000,17443.8,<10000,<10000,<10000
AF26-NA,BM2-NA,<10000,<10000,14780.2,<10000,<10000
AF26-NA,BF26-NA,<10000,11099.8,<10000,<10000,<10000
AF26-NA,BM26-NA,<10000,15122.2,<10000,<10000,<10000
AF26-NA,CF26-NA,<10000,<10000,10184.7,<10000,<10000
AF27-NA,BM27-NA,<10000,11396.1,<10000,<10000,<10000
AF28-NA,BF28-NA,<10000,179890,<10000,<10000,<10000
AF28-NA,BM28-NA,<10000,338311,49142.8,<10000,<10000
AF28-NA,CF28-NA,<10000,66736.5,<10000,<10000,<10000
AF29-NA,BM29-NA,<10000,94929.5,<10000,<10000,<10000
AF30-NA,BF30-NA,<10000,1.57274e+06,12490.6,13401.1,<10000
AF30-NA,BM30-NA,<10000,18581.4,<10000,<10000,<10000
AF31-NA,BF31-NA,<10000,32780.9,<10000,<10000,<10000
AF31-NA,BM31-NA,<10000,28457,<10000,<10000,<10000
AF32-NA,BF32-NA,<10000,2.39984e+06,78660.7,21967.3,<10000
AF32-NA,BM32-NA,<10000,1.5999e+06,<10000,16663.6,<10000
AF33-NA,BF33-NA,<10000,3.29642e+06,70338.1,30716,<10000
AF33-NA,BM33-NA,<10000,2.36763e+06,156266,17494.1,<10000
AF34-NA,BF34-NA,<10000,1.00768e+06,18068.3,10928,<10000
AF34-NA,BM34-NA,<10000,2.15067e+06,1.13028e+06,20903.9,<10000
AF35-NA,BF35-NA,<10000,331701,<10000,<10000,<10000
AF35-NA,BM35-NA,<10000,222107,17715,<10000,<10000
AF36-NA,BF36-NA,<10000,43072.5,<10000,<10000,<10000
AF36-NA,BM36-NA,<10000,219019,<10000,<10000,<10000
AF37-NA,BF37-NA,<10000,456913,553150,<10000,<10000
AF37-NA,BM37-NA,<10000,263118,21855.9,<10000,<10000
AF37-NA,CM37-NA,<10000,26070.2,<10000,<10000,<10000
AF38-NA,BF38-NA,<10000,341550,<10000,<10000,<10000
AF38-NA,BM38-NA,<10000,2.80802e+06,66519,14470.5,<10000
AF39-NA,BF39-NA,<10000,22677.5,<10000,<10000,<10000
AF39-NA,BM39-NA,<10000,15667.6,<10000,<10000,<10000
AF40-NA,BM40-NA,<10000,10102.5,<10000,<10000,<10000
AF41-NA,BF41-NA,<10000,26474.9,<10000,<10000,<10000
AF41-NA,BM41-NA,<10000,245725,<10000,<10000,<10000
AF42-NA,BF42-NA,<10000,48722,<10000,<10000,<10000
AF43-NA,BF43-NA,<10000,68635.1,<10000,<10000,<10000
AF44-NA,BF44-NA,<10000,376247,156470,<10000,<10000
AF44-NA,BM44-NA,<10000,46780.6,<10000,<10000,<10000
AF45-NA,BF45-NA,<10000,1.10357e+07,86965.8,54875.7,<10000
AF45-NA,BM45-NA,<10000,17830,<10000,<10000,<10000
AF46-NA,BF46-NA,<10000,53436.2,<10000,<10000,<10000
AF46-NA,BM46-NA,<10000,965835,103061,10195.3,<10000
AF47-NA,BF47-NA,<10000,26931.8,<10000,<10000,<10000
AF47-NA,BM47-NA,<10000,11628.4,<10000,<10000,<10000
AF49-NA,BF49-NA,<10000,639966,26096.6,<10000,<10000
AF49-NA,BM49-NA,<10000,1.1811e+06,193372,11566.3,<10000
AF50-NA,BM50-NA,<10000,139529,<10000,<10000,<10000
AF51-NA,BF51-NA,<10000,177565,131366,<10000,<10000
AF51-NA,BM51-NA,<10000,41366,10524.6,<10000,<10000
AF52-NA,BF52-NA,<10000,1.22051e+06,41120.2,<10000,<10000
AF52-NA,BM52-NA,<10000,59757.1,<10000,<10000,<10000
AF53-NA,BF53-NA,<10000,2.50877e+07,1.03829e+06,123823,<10000
AF53-NA,BM53-NA,<10000,8.70364e+06,110176,49911.4,<10000
AF54-NA,BM54-NA,<10000,14969.3,<10000,<10000,<10000
AF55-NA,BF55-NA,<10000,29161,<10000,<10000,<10000
AF55-NA,BM55-NA,<10000,96187.9,<10000,<10000,<10000
AF56-NA,AF95-NA,<10000,28534.2,<10000,<10000,<10000
AF56-NA,BF56-NA,<10000,50757.7,<10000,<10000,<10000
AF56-NA,BM56-NA,<10000,216165,<10000,<10000,<10000
AF57-NA,BF57-NA,<10000,286417,13669.2,<10000,<10000
AF57-NA,BM57-NA,<10000,36631.3,<10000,<10000,<10000
AF58-NA,BF58-NA,<10000,50416.4,<10000,<10000,<10000
AF59-NA,BF59-NA,<10000,135569,<10000,<10000,<10000
AF59-NA,BM59-NA,<10000,18370.7,<10000,<10000,<10000
AF60-NA,BF60-NA,<10000,31284.2,<10000,<10000,<10000
AF60-NA,BM60-NA,<10000,116342,<10000,<10000,<10000
AF61-NA,BF61-NA,<10000,97687.3,13483.7,<10000,<10000
AF61-NA,BM61-NA,<10000,64576.8,32426.3,<10000,<10000
AF63-NA,BF63-NA,<10000,571452,446202,<10000,<10000
AF63-NA,BM63-NA,<10000,173479,14495.7,<10000,<10000
AF64-NA,BF64-NA,<10000,16834.7,<10000,<10000,<10000
AF64-NA,BM64-NA,<10000,13642.4,<10000,<10000,<10000
AF65-NA,BF65-NA,<10000,1.71364e+06,<10000,20501.8,<10000
AF65-NA,BM65-NA,<10000,180534,<10000,<10000,<10000
AF66-NA,BF66-NA,<10000,13514,<10000,<10000,<10000
AF66-NA,BM66-NA,<10000,255513,<10000,<10000,<10000
AF67-NA,BF67-NA,<10000,590009,16091.9,<10000,<10000
AF67-NA,BM67-NA,<10000,233689,18332.3,<10000,<10000
AF67-NA,CF67-NA,<10000,<10000,104400,<10000,<10000
AF67-NA,CM67-NA,<10000,<10000,22345.7,<10000,<10000
AF68-NA,BF68-NA,<10000,8.57546e+06,1.27611e+06,50641.8,<10000
AF68-NA,BM68-NA,<10000,431276,1.35857e+06,<10000,<10000
AF68-NA,CM67-NA,<10000,<10000,74696.4,<10000,<10000
AF68-NA,CF68-NA,<10000,<10000,94201.6,<10000,<10000
AF69-NA,BF69-NA,<10000,246133,<10000,<10000,<10000
AF69-NA,BM69-NA,<10000,86314.6,<10000,<10000,<10000
AF70-NA,BF70-NA,<10000,39649.8,<10000,<10000,<10000
AF70-NA,BM70-NA,<10000,204274,<10000,<10000,<10000
AF71-NA,BF71-NA,<10000,74702.8,49691.1,<10000,<10000
AF71-NA,BM71-NA,<10000,49261.9,<10000,<10000,<10000
AF71-NA,CF55-NA,<10000,13563.7,<10000,<10000,<10000
AF72-NA,BF72-NA,<10000,317168,<10000,<10000,<10000
AF72-NA,BM72-NA,<10000,2.30883e+06,314708,27817.4,<10000
AF73-NA,BF73-NA,<10000,83520.5,100483,<10000,<10000
AF73-NA,BM73-NA,<10000,1.38564e+06,55179.5,10763,<10000
AF73-NA,CM73-NA,<10000,48362.8,<10000,<10000,<10000
AF74-NA,BF74-NA,<10000,223176,69504.1,<10000,<10000
AF74-NA,BM74-NA,<10000,2.41974e+07,3.22483e+06,67305.7,<10000
AF75-NA,BF75-NA,<10000,43617,<10000,<10000,<10000
AF75-NA,BM75-NA,<10000,83246.9,<10000,<10000,<10000
AF76-NA,BF76-NA,<10000,3.85376e+07,607839,155276,<10000
AF76-NA,BM76-NA,<10000,4.56549e+06,25816,42599.2,<10000
AF77-NA,BF77-NA,<10000,11835.3,<10000,<10000,<10000
AF77-NA,BM77-NA,<10000,77271.5,<10000,<10000,<10000
AF78-NA,BF78-NA,<10000,66824.2,<10000,<10000,<10000
AF78-NA,BM78-NA,<10000,12203.4,<10000,<10000,<10000
AF78-NA,CF78-NA,<10000,23627.1,<10000,<10000,<10000
AF79-NA,BF79-NA,<10000,714393,13104.7,<10000,<10000
AF79-NA,BM79-NA,<10000,705116,18224,<10000,<10000
AF80-NA,BF80-NA,<10000,65050.2,<10000,<10000,<10000
AF80-NA,BM80-NA,<10000,12050.6,<10000,<10000,<10000
AF81-NA,BF81-NA,<10000,1.2089e+07,35206.5,55940.2,<10000
AF81-NA,BM81-NA,<10000,527029,<10000,<10000,<10000
AF82-NA,BF82-NA,<10000,121520,23425.8,<10000,<10000
AF82-NA,BM82-NA,<10000,28625.6,<10000,<10000,<10000
AF83-NA,BF83-NA,<10000,7.2401e+06,28671.8,42164.3,<10000
AF83-NA,BM83-NA,<10000,80652,<10000,<10000,<10000
AF84-NA,BF84-NA,<10000,276377,17778.8,<10000,<10000
AF84-NA,BM84-NA,<10000,991936,31668.5,<10000,<10000
AF85-NA,BF85-NA,<10000,701829,<10000,<10000,<10000
AF85-NA,BM85-NA,<10000,105882,<10000,<10000,<10000
AF85-NA,CM67-NA,<10000,22195.3,<10000,<10000,<10000
AF86-NA,BM86-NA,<10000,33247.1,<10000,<10000,<10000
AF87-NA,BF87-NA,<10000,553923,32320.9,<10000,<10000
AF87-NA,BM87-NA,<10000,12185.4,<10000,<10000,<10000
AF88-NA,BM88-NA,<10000,45322.3,<10000,<10000,<10000
AF89-NA,BF89-NA,<10000,1.94469e+07,411413,76570.7,<10000
AF89-NA,BM89-NA,<10000,6.4905e+06,1.90074e+06,35900.5,<10000
AF90-NA,BF90-NA,<10000,32280.7,<10000,<10000,<10000
AF90-NA,BM90-NA,<10000,29013.7,<10000,<10000,<10000
AF91-NA,BF91-NA,<10000,531240,279057,<10000,<10000
AF91-NA,BM91-NA,<10000,93378.8,139524,<10000,<10000
AF91-NA,CM39-NA,<10000,<10000,35046.5,<10000,<10000
AF91-NA,CM90-NA,<10000,301376,18548.7,<10000,<10000
AF93-NA,BF93-NA,<10000,22926,<10000,<10000,<10000
AF94-NA,BF94-NA,<10000,47676.7,<10000,<10000,<10000
AF94-NA,BM94-NA,<10000,301424,60155.6,<10000,<10000
AF95-NA,BF95-NA,<10000,22766.4,<10000,<10000,<10000
AF95-NA,BM95-NA,<10000,130050,<10000,<10000,<10000
AF96-NA,BF96-NA,<10000,295155,30177.5,<10000,<10000
AF98-NA,BM98-NA,<10000,127013,<10000,<10000,<10000
AF99-NA,BF99-NA,<10000,17424.6,<10000,<10000,<10000
AF100-NA,BF100-NA,<10000,535235,25676,<10000,<10000
AF100-NA,BM100-NA,<10000,5.7475e+09,5.27179e+08,8.32898e+06,48444.8
AF100-NA,CM100-NA,<10000,<10000,60094.1,14971,<10000
AF100-NA,CF101-NA,<10000,<10000,130079,167654,<10000
AF101-NA,BF101-NA,<10000,15432.6,<10000,<10000,<10000
AF101-NA,CM100-NA,<10000,28870.6,<10000,<10000,<10000
AF102-NA,BF102-NA,<10000,5.72133e+06,345940,42442.2,<10000
AF102-NA,BM102-NA,<10000,30838.4,<10000,<10000,<10000
AF103-NA,BF103-NA,<10000,22294.4,<10000,<10000,<10000
AF103-NA,BM103-NA,<10000,239699,<10000,<10000,<10000
AF104-NA,BF104-NA,<10000,34777.8,<10000,<10000,<10000
AF104-NA,BM104-NA,<10000,10602.5,<10000,<10000,<10000
AF105-NA,BF105-NA,<10000,126007,<10000,<10000,<10000
AF105-NA,BM105-NA,<10000,169950,<10000,<10000,<10000
AF106-NA,BF106-NA,<10000,170150,<10000,<10000,<10000
AF106-NA,CF106-NA,<10000,186263,20522.2,<10000,<10000
AF107-NA,BF107-NA,<10000,2.64105e+06,11313.6,21455.8,<10000
AF107-NA,BM107-NA,<10000,3.49822e+06,102831,25660.3,<10000
AF108-NA,BF108-NA,<10000,20018.7,<10000,<10000,<10000
AF109-NA,BF109-NA,<10000,131553,12342.8,<10000,<10000
AF109-NA,BM109-NA,<10000,106922,<10000,<10000,<10000
AF110-NA,BF110-NA,<10000,13102.6,<10000,<10000,<10000
AF111-NA,BF111-NA,<10000,87293.7,<10000,<10000,<10000
AF111-NA,BM111-NA,<10000,61912.5,<10000,<10000,<10000
AF111-NA,CF112-NA,<10000,<10000,13230.7,<10000,<10000
AF112-NA,BF112-NA,<10000,865171,420690,<10000,<10000
AF112-NA,BM112-NA,<10000,611096,1.30822e+06,<10000,<10000
AF113-NA,BF113-NA,<10000,3.7182e+06,68653.3,27496.5,<10000
AF113-NA,BM113-NA,<10000,108091,10313.4,<10000,<10000
AF113-NA,CF113-NA,<10000,<10000,223382,<10000,<10000
AF114-NA,BF114-NA,<10000,6.4431e+06,1.69038e+06,43633.3,<10000
AF114-NA,BM114-NA,<10000,2.3214e+07,7.09247e+06,105079,<10000
AF115-NA,BM115-NA,<10000,1.54887e+06,<10000,15831.7,<10000
AF116-NA,AM34-NA,<10000,<10000,10999.2,<10000,<10000
AF116-NA,BF116-NA,<10000,26161.3,<10000,<10000,<10000
AF116-NA,BM116-NA,<10000,1.48699e+06,<10000,12420.2,<10000
AF117-NA,BF117-NA,<10000,226833,14674,<10000,<10000
AF118-NA,BF118-NA,<10000,448577,486142,<10000,<10000
AF118-NA,BM118-NA,<10000,588516,246679,<10000,<10000
AF118-NA,BF137-NA,<10000,<10000,93364.2,<10000,<10000
AF120-NA,BM120-NA,<10000,234343,13667.2,<10000,<10000
AF121-NA,AM65-NA,<10000,<10000,21046.8,<10000,<10000
AF121-NA,BF121-NA,<10000,14939.5,<10000,<10000,<10000
AF121-NA,BM121-NA,<10000,1.75218e+06,59532,13736.2,<10000
AF122-NA,BF122-NA,<10000,1.94657e+06,<10000,27977.1,<10000
AF122-NA,BM122-NA,<10000,2.07925e+07,68109.1,67587.4,<10000
AF123-NA,BF123-NA,<10000,194737,47099.5,<10000,<10000
AF123-NA,BM123-NA,<10000,91639.8,10044.6,<10000,<10000
AF124-NA,BF124-NA,<10000,1.31599e+06,93377.7,<10000,<10000
AF124-NA,BM124-NA,<10000,97322.4,<10000,<10000,<10000
AF125-NA,BM125-NA,<10000,46201.6,<10000,<10000,<10000
AF126-NA,BF126-NA,<10000,18382.9,<10000,<10000,<10000
AF126-NA,BM126-NA,<10000,1.18777e+07,94828.9,106549,<10000
AF126-NA,CM126-NA,<10000,<10000,83780.6,16840.6,<10000
AF126-NA,CF127-NA,<10000,<10000,<10000,21903.7,<10000
AF127-NA,BF127-NA,<10000,21067.3,14520.1,<10000,<10000
AF127-NA,BM127-NA,<10000,14521.9,<10000,<10000,<10000
AF128-NA,BF128-NA,<10000,24544.1,<10000,<10000,<10000
AF131-NA,BF131-NA,<10000,120606,<10000,<10000,<10000
AF131-NA,BM131-NA,<10000,150646,40580.2,<10000,<10000
AF132-NA,BF132-NA,<10000,470296,<10000,<10000,<10000
AF132-NA,BM132-NA,<10000,431958,250959,<10000,<10000
AF133-NA,BM133-NA,<10000,281805,43430.8,<10000,<10000
AF134-NA,BM134-NA,<10000,21227.1,<10000,<10000,<10000
AF135-NA,BF135-NA,<10000,7.29093e+07,4.76532e+06,412038,<10000
AF135-NA,BM135-NA,<10000,96256.6,<10000,<10000,<10000
AF135-NA,CF135-NA,<10000,<10000,469723,<10000,<10000
AF136-NA,BF136-NA,<10000,194907,48493.8,<10000,<10000
AF136-NA,BM136-NA,<10000,886583,118790,<10000,<10000
AF137-NA,BF137-NA,<10000,1.32694e+06,<10000,10998.1,<10000
AF137-NA,BM137-NA,<10000,124780,<10000,<10000,<10000
AF138-NA,BF138-NA,<10000,143287,<10000,<10000,<10000
AF138-NA,BM138-NA,<10000,575702,96204.7,<10000,<10000
AF139-NA,BF139-NA,<10000,18072.8,<10000,<10000,<10000
AF139-NA,BM139-NA,<10000,10193.5,<10000,<10000,<10000
AF140-NA,BM140-NA,<10000,46165,<10000,<10000,<10000
AF141-NA,BF141-NA,<10000,377493,10649.5,<10000,<10000
AF141-NA,BM141-NA,<10000,429938,<10000,<10000,<10000
AF141-NA,CF142-NA,<10000,60460,<10000,<10000,<10000
AF142-NA,BF142-NA,<10000,4.21642e+06,1.43068e+06,51338.5,<10000
AF142-NA,BM142-NA,<10000,2.0407e+06,<10000,20398.4,<10000
AF143-NA,BF143-NA,<10000,33929.1,<10000,<10000,<10000
AF143-NA,BM143-NA,<10000,582106,63608.6,<10000,<10000
AF144-NA,BF144-NA,<10000,75322.1,<10000,<10000,<10000
AF145-NA,BF145-NA,<10000,29934.2,<10000,<10000,<10000
AF145-NA,BM145-NA,<10000,368619,127164,<10000,<10000
AF148-NA,BF148-NA,<10000,323064,<10000,<10000,<10000
AF149-NA,BF149-NA,<10000,62785.1,<10000,<10000,<10000
AF150-NA,BF150-NA,<10000,52198.5,19295.4,<10000,<10000
AF150-NA,BM150-NA,<10000,12069.3,<10000,<10000,<10000
AF151-NA,BF151-NA,<10000,117427,<10000,<10000,<10000
AF151-NA,BM151-NA,<10000,63098.5,<10000,<10000,<10000
AF153-NA,BF153-NA,<10000,358367,<10000,<10000,<10000
AF153-NA,BM153-NA,<10000,2.54115e+06,3.41348e+06,20973.4,<10000
AF154-NA,BF154-NA,<10000,100210,11150.6,<10000,<10000
AF154-NA,BM154-NA,<10000,1.12123e+06,89182.4,<10000,<10000
AF155-NA,BF155-NA,<10000,522223,<10000,<10000,<10000
AF155-NA,BM155-NA,<10000,77436.1,<10000,<10000,<10000
AF156-NA,BM156-NA,<10000,30265,<10000,<10000,<10000
AF157-NA,BF157-NA,<10000,42818.2,<10000,<10000,<10000
AF157-NA,BM157-NA,<10000,3.80817e+06,67872.1,29823.8,<10000
AF158-NA,BF158-NA,<10000,139052,250283,<10000,<10000
AF158-NA,BM158-NA,<10000,43075.7,<10000,<10000,<10000
AF159-NA,BF159-NA,<10000,135964,18569.5,<10000,<10000
AF159-NA,BM159-NA,<10000,26146.5,<10000,<10000,<10000
AF160-NA,BF160-NA,<10000,82795.3,<10000,<10000,<10000
AF161-NA,BF161-NA,<10000,12705.6,<10000,<10000,<10000
AF162-NA,BF162-NA,<10000,79476,<10000,<10000,<10000
AF162-NA,BM162-NA,<10000,283036,32843.9,<10000,<10000
AF162-NA,CM161-NA,<10000,30583,<10000,<10000,<10000
AF163-NA,BM4-NA,<10000,38688,<10000,<10000,<10000
AF163-NA,BM163-NA,<10000,26982.4,<10000,<10000,<10000
AF164-NA,BF164-NA,<10000,832103,113987,<10000,<10000
AF164-NA,BM164-NA,<10000,146305,<10000,<10000,<10000
AF164-NA,CM40-NA,<10000,26709.8,<10000,<10000,<10000
AF165-NA,BF165-NA,<10000,164028,11264,<10000,<10000
AF165-NA,BM165-NA,<10000,193950,<10000,<10000,<10000
AM0-NA,BF0-NA,<10000,36535.2,<10000,<10000,<10000
AM0-NA,BM0-NA,<10000,173665,10650,<10000,<10000
AM1-NA,BF1-NA,<10000,16897.3,<10000,<10000,<10000
AM2-NA,BF2-NA,<10000,89470.8,<10000,<10000,<10000
AM3-NA,BF3-NA,<10000,15764.3,<10000,<10000,<10000
AM3-NA,BM3-NA,<10000,14257.7,<10000,<10000,<10000
AM4-NA,AM47-NA,<10000,<10000,20627.8,<10000,<10000
AM4-NA,BF4-NA,<10000,18158,<10000,<10000,<10000
AM4-NA,BM4-NA,<10000,83774.3,<10000,<10000,<10000
AM5-NA,BF5-NA,<10000,396151,<10000,<10000,<10000
AM5-NA,BM5-NA,<10000,1.13906e+06,<10000,<10000,<10000
AM6-NA,BF6-NA,<10000,4.82374e+06,38483.7,42012.1,<10000
AM6-NA,BM6-NA,<10000,3.72967e+06,4.9618e+06,32634.2,<10000
AM7-NA,BF7-NA,<10000,549695,56546.4,<10000,<10000
AM7-NA,BM7-NA,<10000,296702,<10000,<10000,<10000
AM8-NA,BF8-NA,<10000,530026,35193.6,<10000,<10000
AM9-NA,BF9-NA,<10000,13923.3,<10000,<10000,<10000
AM9-NA,BM9-NA,<10000,145988,255060,<10000,<10000
AM10-NA,BF10-NA,<10000,454591,<10000,<10000,<10000
AM10-NA,BM10-NA,<10000,236331,<10000,<10000,<10000
AM11-NA,BF11-NA,<10000,143475,13948.6,<10000,<10000
AM11-NA,BM11-NA,<10000,<10000,26087.3,<10000,<10000
AM12-NA,BF12-NA,<10000,1.87323e+07,1.73475e+06,78442,<10000
AM12-NA,BM12-NA,<10000,3.50727e+06,125042,19002.4,<10000
AM13-NA,BF13-NA,<10000,20258.9,<10000,<10000,<10000
AM13-NA,BM13-NA,<10000,283755,<10000,<10000,<10000
AM14-NA,BM14-NA,<10000,19628.8,<10000,<10000,<10000
AM15-NA,BF15-NA,<10000,18890.5,<10000,<10000,<10000
AM16-NA,BM16-NA,<10000,120194,27198.2,<10000,<10000
AM17-NA,BF17-NA,<10000,86666.1,<10000,<10000,<10000
AM17-NA,BM17-NA,<10000,415712,21296,<10000,<10000
AM19-NA,BF19-NA,<10000,451904,<10000,<10000,<10000
AM19-NA,BM19-NA,<10000,192403,38468.4,<10000,<10000
AM19-NA,BF45-NA,<10000,20435.9,<10000,<10000,<10000
AM19-NA,CF103-NA,<10000,<10000,16877.5,<10000,<10000
AM20-NA,BF20-NA,<10000,28626.9,<10000,<10000,<10000
AM20-NA,BM20-NA,<10000,239546,32857,<10000,<10000
AM21-NA,BF21-NA,<10000,173576,<10000,<10000,<10000
AM21-NA,BM21-NA,<10000,242174,10818.7,<10000,<10000
AM22-NA,BF22-NA,<10000,75524.7,<10000,<10000,<10000
AM22-NA,BM22-NA,<10000,188334,13097.8,<10000,<10000
AM23-NA,BF23-NA,<10000,37973.1,<10000,<10000,<10000
AM23-NA,BM23-NA,<10000,190951,20801.9,<10000,<10000
AM24-NA,BF24-NA,<10000,741822,107933,<10000,<10000
AM24-NA,BM24-NA,<10000,3.43012e+06,4.11224e+07,17666.8,<10000
AM25-NA,BF25-NA,<10000,734563,23053.8,<10000,<10000
AM25-NA,BM25-NA,<10000,110472,45667.2,<10000,<10000
AM26-NA,BF26-NA,<10000,95274.5,17348.4,<10000,<10000
AM26-NA,BM26-NA,<10000,95007.8,16188.6,<10000,<10000
AM27-NA,BF27-NA,<10000,1.11932e+06,10835.9,<10000,<10000
AM27-NA,BM27-NA,<10000,802391,574031,10502.5,<10000
AM28-NA,BF28-NA,<10000,7.99206e+06,445690,50355.7,<10000
AM28-NA,BM28-NA,<10000,2.04381e+06,383529,16976.6,<10000
AM28-NA,CM28-NA,<10000,<10000,21146.9,<10000,<10000
AM29-NA,BF29-NA,<10000,757423,23764.7,<10000,<10000
AM29-NA,BM29-NA,<10000,197619,<10000,<10000,<10000
AM30-NA,BF30-NA,<10000,674753,<10000,<10000,<10000
AM30-NA,BM30-NA,<10000,660606,39344.5,<10000,<10000
AM31-NA,BF31-NA,<10000,70829.8,<10000,<10000,<10000
AM31-NA,BM31-NA,<10000,394856,<10000,<10000,<10000
AM32-NA,BF32-NA,<10000,93535.3,44433.1,<10000,<10000
AM32-NA,BM32-NA,<10000,288322,133269,<10000,<10000
AM33-NA,BF33-NA,<10000,35901.1,<10000,<10000,<10000
AM33-NA,BM33-NA,<10000,34436.2,<10000,<10000,<10000
AM34-NA,BF34-NA,<10000,1.11074e+07,336018,100679,<10000
AM34-NA,BM34-NA,<10000,712068,46680.7,<10000,<10000
AM35-NA,BF35-NA,<10000,674928,14641.7,<10000,<10000
AM35-NA,BM35-NA,<10000,138797,33209.6,<10000,<10000
AM35-NA,CM34-NA,<10000,93812.5,<10000,<10000,<10000
AM36-NA,BF36-NA,<10000,108013,<10000,<10000,<10000
AM36-NA,BM36-NA,<10000,525950,28499.2,<10000,<10000
AM37-NA,BF37-NA,<10000,104710,<10000,<10000,<10000
AM37-NA,BM37-NA,<10000,46157.1,<10000,<10000,<10000
AM37-NA,CF98-NA,<10000,12884.3,<10000,<10000,<10000
AM37-NA,CF145-NA,<10000,14500.3,<10000,<10000,<10000
AM38-NA,BF38-NA,<10000,393160,<10000,<10000,<10000
AM38-NA,BM38-NA,<10000,51235.6,<10000,<10000,<10000
AM39-NA,BF39-NA,<10000,432279,13034.4,<10000,<10000
AM39-NA,BM39-NA,<10000,29962.7,<10000,<10000,<10000
AM40-NA,BF40-NA,<10000,36733.6,<10000,<10000,<10000
AM41-NA,BF41-NA,<10000,10835,<10000,<10000,<10000
AM41-NA,BM41-NA,<10000,3.98302e+06,32168.1,27823.4,<10000
AM42-NA,BM42-NA,<10000,156211,10079.1,<10000,<10000
AM43-NA,BF43-NA,<10000,36673.4,<10000,<10000,<10000
AM44-NA,BF44-NA,<10000,1.03554e+06,42072.2,11459.8,<10000
AM44-NA,BM44-NA,<10000,465106,130039,<10000,<10000
AM45-NA,BF45-NA,<10000,463853,76817,<10000,<10000
AM45-NA,BM45-NA,<10000,155015,13680.4,<10000,<10000
AM46-NA,BF46-NA,<10000,1.97424e+06,218965,24390.6,<10000
AM46-NA,BM46-NA,<10000,35916.5,<10000,<10000,<10000
AM47-NA,BF47-NA,<10000,49775.6,<10000,<10000,<10000
AM47-NA,BM47-NA,<10000,28390.5,11653.5,<10000,<10000
AM48-NA,BF48-NA,<10000,4.16134e+06,6.5403e+06,96377.5,<10000
AM48-NA,BM48-NA,<10000,1.11543e+07,1.03844e+06,146779,<10000
AM49-NA,BF49-NA,<10000,80252.6,19146.4,<10000,<10000
AM49-NA,BM49-NA,<10000,29881.6,<10000,<10000,<10000
AM49-NA,CM49-NA,<10000,<10000,15140.6,<10000,<10000
AM49-NA,CF57-NA,<10000,41255.7,<10000,<10000,<10000
AM50-NA,BF50-NA,<10000,242782,13838,<10000,<10000
AM50-NA,BM50-NA,<10000,320910,<10000,<10000,<10000
AM50-NA,CF51-NA,<10000,499193,14501.8,10463,<10000
AM50-NA,CM97-NA,<10000,<10000,12920.4,14475.7,<10000
AM51-NA,BF51-NA,<10000,191841,35455.8,<10000,<10000
AM51-NA,BM51-NA,<10000,25498.1,<10000,<10000,<10000
AM53-NA,BF53-NA,<10000,23866.2,<10000,<10000,<10000
AM55-NA,BM55-NA,<10000,18642.7,<10000,<10000,<10000
AM56-NA,BF56-NA,<10000,49562.8,<10000,<10000,<10000
AM56-NA,BM56-NA,<10000,23192.1,<10000,<10000,<10000
AM57-NA,BF57-NA,<10000,144129,<10000,<10000,<10000
AM58-NA,BF58-NA,<10000,101598,<10000,<10000,<10000
AM58-NA,BM58-NA,<10000,241233,85624.1,<10000,<10000
AM59-NA,BF59-NA,<10000,101240,167516,<10000,<10000
AM59-NA,BM59-NA,<10000,33704.5,<10000,<10000,<10000
AM60-NA,BF60-NA,<10000,21068,<10000,<10000,<10000
AM60-NA,BM60-NA,<10000,72765.1,<10000,<10000,<10000
AM61-NA,BM61-NA,<10000,13180.6,<10000,<10000,<10000
AM62-NA,BF62-NA,<10000,546916,<10000,<10000,<10000
AM62-NA,BM62-NA,<10000,991839,260787,<10000,<10000
AM63-NA,BF63-NA,<10000,201390,<10000,<10000,<10000
AM63-NA,BM63-NA,<10000,48842.7,<10000,<10000,<10000
AM64-NA,BF64-NA,<10000,11730.2,<10000,<10000,<10000
AM65-NA,BF65-NA,<10000,32908.3,<10000,<10000,<10000
AM65-NA,BM65-NA,<10000,125960,<10000,<10000,<10000
AM66-NA,BF66-NA,<10000,749888,<10000,23756.4,<10000
AM66-NA,BM66-NA,<10000,234643,<10000,<10000,<10000
AM67-NA,BF67-NA,<10000,13898.7,<10000,<10000,<10000
AM68-NA,BF68-NA,<10000,1.69113e+06,67395.5,12147.4,<10000
AM68-NA,BM68-NA,<10000,741399,13027.7,<10000,<10000
AM69-NA,BF69-NA,<10000,1.91479e+06,18846.9,18204.3,<10000
AM69-NA,BM69-NA,<10000,1.08258e+07,1.63035e+06,100914,<10000
AM70-NA,BF70-NA,<10000,44266.9,<10000,<10000,<10000
AM70-NA,BM70-NA,<10000,12450.4,<10000,<10000,<10000
AM71-NA,BF71-NA,<10000,3.97386e+06,55851.1,35892.2,<10000
AM71-NA,BM71-NA,<10000,2.38966e+07,575698,111676,<10000
AM73-NA,BF73-NA,<10000,91621.4,<10000,<10000,<10000
AM73-NA,BM73-NA,<10000,515446,21653,<10000,<10000
AM74-NA,BF74-NA,<10000,126789,30173.9,<10000,<10000
AM74-NA,BM74-NA,<10000,90405.7,11648.5,<10000,<10000
AM75-NA,BF43-NA,<10000,83550.9,<10000,<10000,<10000
AM75-NA,BF75-NA,<10000,103566,<10000,<10000,<10000
AM75-NA,BM75-NA,<10000,113739,<10000,<10000,<10000
AM76-NA,BM76-NA,<10000,25317.7,<10000,<10000,<10000
AM77-NA,BM77-NA,<10000,146985,<10000,<10000,<10000
AM78-NA,BF78-NA,<10000,93547.1,<10000,<10000,<10000
AM78-NA,BM78-NA,<10000,9.087e+06,75122.3,48282.1,<10000
AM79-NA,BF79-NA,<10000,40326.6,<10000,<10000,<10000
AM79-NA,BM79-NA,<10000,18707,<10000,<10000,<10000
AM80-NA,BF80-NA,<10000,1.85183e+06,20568.8,14278.5,<10000
AM80-NA,BM80-NA,<10000,351759,30543.8,<10000,<10000
AM80-NA,CM80-NA,<10000,133471,<10000,<10000,<10000
AM82-NA,BF82-NA,<10000,9.23257e+07,3.00835e+06,361963,<10000
AM82-NA,BM82-NA,<10000,2.63294e+06,15544.8,22471.7,<10000
AM82-NA,CF82-NA,<10000,<10000,<10000,13821.1,<10000
AM83-NA,AM94-NA,<10000,<10000,35888.2,<10000,<10000
AM83-NA,BF83-NA,<10000,20219.3,<10000,<10000,<10000
AM84-NA,BM84-NA,<10000,27076.8,<10000,<10000,<10000
AM85-NA,BF85-NA,<10000,1.66447e+07,3.53112e+07,61775.9,<10000
AM85-NA,BM85-NA,<10000,5.64115e+06,608792,25767.5,<10000
AM86-NA,BF86-NA,<10000,10245.4,<10000,<10000,<10000
AM86-NA,BM86-NA,<10000,30902.7,<10000,<10000,<10000
AM87-NA,BF87-NA,<10000,12912.7,<10000,<10000,<10000
AM87-NA,BM87-NA,<10000,12359.6,<10000,<10000,<10000
AM89-NA,BF89-NA,<10000,3.10366e+07,5.01463e+06,116675,<10000
AM89-NA,BM89-NA,<10000,1.35412e+06,116815,12622.9,<10000
AM89-NA,CF89-NA,<10000,<10000,25028.4,<10000,<10000
AM90-NA,BF90-NA,<10000,2.4454e+06,68545.2,29352.6,<10000
AM90-NA,BM90-NA,<10000,23588.4,<10000,<10000,<10000
AM91-NA,BF91-NA,<10000,135009,<10000,<10000,<10000
AM91-NA,BM91-NA,<10000,815308,391218,<10000,<10000
AM92-NA,BF92-NA,<10000,682462,136664,<10000,<10000
AM92-NA,BM92-NA,<10000,398820,<10000,<10000,<10000
AM94-NA,BF94-NA,<10000,66503.9,<10000,<10000,<10000
AM94-NA,BM94-NA,<10000,25154.8,<10000,<10000,<10000
AM95-NA,BF95-NA,<10000,78673.3,<10000,<10000,<10000
AM95-NA,BM95-NA,<10000,187703,<10000,<10000,<10000
AM95-NA,CM94-NA,<10000,110322,218154,<10000,<10000
AM96-NA,BF96-NA,<10000,10198.3,<10000,<10000,<10000
AM96-NA,BM96-NA,<10000,412130,11923.6,<10000,<10000
AM97-NA,BF97-NA,<10000,494517,21397.5,<10000,<10000
AM97-NA,BM97-NA,<10000,112719,25709.5,<10000,<10000
AM98-NA,BF98-NA,<10000,296083,30168.2,<10000,<10000
AM98-NA,BM98-NA,<10000,476646,49391.2,<10000,<10000
AM99-NA,BF99-NA,<10000,39526.7,<10000,<10000,<10000
AM99-NA,BM99-NA,<10000,42649.4,<10000,<10000,<10000
AM101-NA,BF101-NA,<10000,1.25422e+07,1.61349e+06,83866.6,<10000
AM101-NA,BM101-NA,<10000,296576,110737,<10000,<10000
AM102-NA,BM102-NA,<10000,76459.3,<10000,<10000,<10000
AM103-NA,BF103-NA,<10000,31281.9,<10000,<10000,<10000
AM103-NA,BM103-NA,<10000,913821,<10000,<10000,<10000
AM104-NA,BF104-NA,<10000,10614.5,<10000,<10000,<10000
AM104-NA,BM104-NA,<10000,191558,<10000,<10000,<10000
AM105-NA,BF105-NA,<10000,34878.9,<10000,<10000,<10000
AM105-NA,BM105-NA,<10000,427854,11271.2,<10000,<10000
AM106-NA,BF106-NA,<10000,58278.7,<10000,<10000,<10000
AM106-NA,BM106-NA,<10000,82300.2,<10000,<10000,<10000
AM107-NA,BF107-NA,<10000,420540,575375,<10000,<10000
AM107-NA,BM107-NA,<10000,2.14403e+06,127546,11343.2,<10000
AM108-NA,BF108-NA,<10000,569859,<10000,<10000,<10000
AM108-NA,BM108-NA,<10000,39224.6,<10000,<10000,<10000
AM109-NA,BF109-NA,<10000,13095.1,<10000,<10000,<10000
AM109-NA,BM109-NA,<10000,54100.7,<10000,<10000,<10000
AM110-NA,BF110-NA,<10000,1.89172e+06,26620.5,21655.1,<10000
AM110-NA,BM110-NA,<10000,1.2212e+06,353960,13326.3,<10000
AM111-NA,BF111-NA,<10000,81543.1,11458.9,<10000,<10000
AM111-NA,BM111-NA,<10000,78975,49721.5,<10000,<10000
AM112-NA,BF112-NA,<10000,245257,<10000,<10000,<10000
AM112-NA,BM112-NA,<10000,50425.6,<10000,<10000,<10000
AM113-NA,BF113-NA,<10000,1.17893e+07,29746.3,86852.2,<10000
AM113-NA,BM113-NA,<10000,4.69364e+07,369993,234411,<10000
AM114-NA,BF114-NA,<10000,58424.2,<10000,<10000,<10000
AM114-NA,BM114-NA,<10000,12688,<10000,<10000,<10000
AM115-NA,BF115-NA,<10000,56643.9,<10000,<10000,<10000
AM115-NA,BM115-NA,<10000,1.8549e+06,16316.2,19392.8,<10000
AM116-NA,BF116-NA,<10000,177339,<10000,<10000,<10000
AM116-NA,BM116-NA,<10000,22561.5,<10000,<10000,<10000
AM117-NA,BF117-NA,<10000,28726.2,<10000,<10000,<10000
AM117-NA,BM117-NA,<10000,44759.7,<10000,<10000,<10000
AM119-NA,BF119-NA,<10000,172848,16698.1,<10000,<10000
AM119-NA,BM119-NA,<10000,45947.9,<10000,<10000,<10000
AM121-NA,BF121-NA,<10000,866124,18571.8,<10000,<10000
AM121-NA,BM121-NA,<10000,10180.5,<10000,<10000,<10000
AM122-NA,BF122-NA,<10000,26794.6,<10000,<10000,<10000
AM122-NA,BM122-NA,<10000,125126,<10000,<10000,<10000
AM123-NA,BF123-NA,<10000,134746,<10000,<10000,<10000
AM123-NA,BM123-NA,<10000,1.48411e+06,390164,13067.8,<10000
AM124-NA,BF124-NA,<10000,854110,20909.5,<10000,<10000
AM124-NA,BM124-NA,<10000,4.46382e+06,59899.6,22270.2,<10000
AM125-NA,BF125-NA,<10000,33901.8,<10000,<10000,<10000
AM125-NA,BM125-NA,<10000,51248.8,<10000,<10000,<10000
AM126-NA,BF126-NA,<10000,29618.1,<10000,<10000,<10000
AM126-NA,BM126-NA,<10000,666015,14352.8,<10000,<10000
AM128-NA,BF128-NA,<10000,54417.1,102985,<10000,<10000
AM128-NA,BM128-NA,<10000,33380.2,<10000,<10000,<10000
AM129-NA,BF129-NA,<10000,10625.6,<10000,<10000,<10000
AM129-NA,BM129-NA,<10000,45377.2,<10000,<10000,<10000
AM130-NA,BF130-NA,<10000,2.46516e+07,44554.3,102746,<10000
AM130-NA,BM130-NA,<10000,996708,<10000,10240.4,<10000
AM131-NA,BF131-NA,<10000,68567.4,<10000,<10000,<10000
AM131-NA,CM131-NA,<10000,<10000,21256.5,<10000,<10000
AM132-NA,BF132-NA,<10000,14374.5,<10000,<10000,<10000
AM133-NA,BF133-NA,<10000,133754,22050.2,<10000,<10000
AM133-NA,BM133-NA,<10000,91790.8,<10000,<10000,<10000
AM134-NA,BM134-NA,<10000,11977.4,<10000,<10000,<10000
AM135-NA,BM135-NA,<10000,30434.6,<10000,<10000,<10000
AM136-NA,BF136-NA,<10000,229312,11906.4,<10000,<10000
AM136-NA,BM136-NA,<10000,33283.3,<10000,<10000,<10000
AM137-NA,BF137-NA,<10000,93286.6,<10000,<10000,<10000
AM137-NA,BM137-NA,<10000,32512.4,19061.9,<10000,<10000
AM138-NA,BF138-NA,<10000,82375.6,13492.1,<10000,<10000
AM138-NA,BM138-NA,<10000,158737,24991.9,<10000,<10000
AM139-NA,BF139-NA,<10000,330513,<10000,<10000,<10000
AM139-NA,BM139-NA,<10000,3.03332e+06,27502.2,37661.3,<10000
AM140-NA,BF140-NA,<10000,11787.3,<10000,<10000,<10000
AM140-NA,BM140-NA,<10000,196444,<10000,<10000,<10000
AM141-NA,BF141-NA,<10000,2.92109e+06,59169.5,25522.9,<10000
AM141-NA,BM141-NA,<10000,602433,36113.7,<10000,<10000
AM142-NA,BF142-NA,<10000,10055.2,<10000,<10000,<10000
AM142-NA,BM142-NA,<10000,10016.8,<10000,<10000,<10000
AM143-NA,BF143-NA,<10000,156310,<10000,<10000,<10000
AM143-NA,BM143-NA,<10000,4.60055e+06,69934.5,36151.9,<10000
AM143-NA,CM142-NA,<10000,341650,195056,<10000,<10000
AM144-NA,BF144-NA,<10000,15129.7,<10000,<10000,<10000
AM144-NA,BM144-NA,<10000,130582,<10000,<10000,<10000
AM145-NA,BF145-NA,<10000,2.95374e+07,1.44186e+07,176744,<10000
AM145-NA,BM145-NA,<10000,9.1233e+06,579570,54501.7,<10000
AM145-NA,CM144-NA,<10000,<10000,182292,<10000,<10000
AM146-NA,BF146-NA,<10000,13388.1,<10000,<10000,<10000
AM146-NA,BM146-NA,<10000,2.43356e+06,180199,14712.5,<10000
AM147-NA,BF147-NA,<10000,206307,190604,<10000,<10000
AM147-NA,BM147-NA,<10000,12864.1,<10000,<10000,<10000
AM148-NA,BF148-NA,<10000,379058,<10000,<10000,<10000
AM148-NA,BM148-NA,<10000,21910.3,<10000,<10000,<10000
AM149-NA,BF149-NA,<10000,7.36356e+06,34827.5,33482.7,<10000
AM149-NA,BM149-NA,<10000,58593.6,<10000,<10000,<10000
AM150-NA,BF150-NA,<10000,198799,<10000,<10000,<10000
AM151-NA,BF151-NA,<10000,1.43614e+06,19284.7,14107.4,<10000
AM151-NA,BM151-NA,<10000,1.78904e+06,19606.6,13378.7,<10000
AM152-NA,BF152-NA,<10000,1.17051e+06,29914.3,<10000,<10000
AM152-NA,BM152-NA,<10000,34496.9,<10000,<10000,<10000
AM153-NA,BF153-NA,<10000,77908.1,10947.8,<10000,<10000
AM153-NA,BM153-NA,<10000,12505.4,<10000,<10000,<10000
AM153-NA,CM152-NA,<10000,15145.8,<10000,<10000,<10000
AM153-NA,CF153-NA,<10000,12316.1,<10000,<10000,<10000
AM154-NA,BF154-NA,<10000,3.30223e+06,196610,18909.9,<10000
AM154-NA,BM154-NA,<10000,1.96929e+06,29309.1,10225.4,<10000
AM155-NA,BM155-NA,<10000,16091.3,<10000,<10000,<10000
AM156-NA,BF156-NA,<10000,74629.5,<10000,<10000,<10000
AM157-NA,BF157-NA,<10000,564776,13165.7,<10000,<10000
AM157-NA,BM157-NA,<10000,361765,<10000,<10000,<10000
AM158-NA,BF158-NA,<10000,136532,133272,<10000,<10000
AM158-NA,BM158-NA,<10000,496554,25816.1,<10000,<10000
AM159-NA,BF159-NA,<10000,47818,34851.2,<10000,<10000
AM159-NA,BM159-NA,<10000,189071,42868.4,<10000,<10000
AM160-NA,BF160-NA,<10000,2.57975e+06,56694.2,14550.8,<10000
AM160-NA,BM160-NA,<10000,610986,341503,<10000,<10000
AM161-NA,BF161-NA,<10000,30364.2,<10000,<10000,<10000
AM161-NA,BM161-NA,<10000,19711.5,<10000,<10000,<10000
AM162-NA,BF162-NA,<10000,35078.5,<10000,<10000,<10000
AM162-NA,BM162-NA,<10000,141554,<10000,<10000,<10000
AM163-NA,BF163-NA,<10000,222483,63786.2,<10000,<10000
AM163-NA,BM163-NA,<10000,112308,24731.1,<10000,<10000
AM164-NA,BF164-NA,<10000,11682.9,<10000,<10000,<10000
AM164-NA,BM164-NA,<10000,420961,31690.7,<10000,<10000
AM165-NA,BF165-NA,<10000,1.03236e+06,16537.1,13442.1,<10000
AM165-NA,BM165-NA,<10000,2.63356e+07,1.53791e+06,147831,<10000
BM0-NA,CM0-NA,<10000,549751,236095,<10000,<10000
BM0-NA,CF1-NA,<10000,30682.3,<10000,<10000,<10000
BF1-NA,CF1-NA,<10000,31647.2,<10000,<10000,<10000
BM1-NA,CM1-NA,<10000,122899,<10000,<10000,<10000
BM1-NA,CF2-NA,<10000,47010.5,<10000,<10000,<10000
BF2-NA,CM1-NA,<10000,169776,<10000,<10000,<10000
BF2-NA,CF2-NA,<10000,76256.5,<10000,<10000,<10000
BF3-NA,BM3-NA,<10000,<10000,59496.5,<10000,<10000
BF3-NA,CM2-NA,<10000,59392.1,<10000,<10000,<10000
BM3-NA,CM3-NA,<10000,91091.1,12062.4,<10000,<10000
BM3-NA,CF4-NA,<10000,31888.4,44906.8,<10000,<10000
BF4-NA,BM4-NA,<10000,<10000,1.10889e+06,<10000,<10000
BF4-NA,CM3-NA,<10000,369730,43169.8,<10000,<10000
BF4-NA,CF4-NA,<10000,25505.3,<10000,<10000,<10000
BM4-NA,CM4-NA,<10000,41522.9,<10000,<10000,<10000
BF5-NA,BM5-NA,<10000,<10000,255803,<10000,<10000
BF5-NA,CM4-NA,<10000,545390,16367,<10000,<10000
BF5-NA,CF5-NA,<10000,93685.9,11907.4,<10000,<10000
BF5-NA,CM104-NA,<10000,1.27567e+06,28925.2,<10000,<10000
BF5-NA,CM154-NA,<10000,<10000,140236,<10000,<10000
BM5-NA,CM5-NA,<10000,22036.4,10696.7,<10000,<10000
BM5-NA,CF6-NA,<10000,12010.2,<10000,<10000,<10000
BF6-NA,BM6-NA,<10000,<10000,3.57705e+07,80635.2,<10000
BF6-NA,CM5-NA,<10000,136436,<10000,<10000,<10000
BF6-NA,CF6-NA,<10000,8.01776e+06,258781,52720.8,<10000
BM6-NA,CM6-NA,<10000,101038,<10000,<10000,<10000
BM6-NA,CF7-NA,<10000,5.63283e+06,13300.2,30570.5,<10000
BF7-NA,BM7-NA,<10000,<10000,75855.5,<10000,<10000
BF7-NA,CF7-NA,<10000,39554.4,<10000,<10000,<10000
BM7-NA,CF8-NA,<10000,103541,<10000,<10000,<10000
BF8-NA,BM8-NA,<10000,<10000,492237,<10000,<10000
BF8-NA,CM7-NA,<10000,193522,<10000,<10000,<10000
BM8-NA,CM8-NA,<10000,219531,39641.6,<10000,<10000
BM8-NA,CF9-NA,<10000,153039,23648.9,<10000,<10000
BF9-NA,BM9-NA,<10000,118524,2.80348e+06,<10000,<10000
BF9-NA,CM8-NA,<10000,12634.6,<10000,<10000,<10000
BF9-NA,CF9-NA,<10000,11989.1,<10000,<10000,<10000
BM9-NA,CF10-NA,<10000,97889.9,<10000,<10000,<10000
BF10-NA,CM9-NA,<10000,248181,10133.4,<10000,<10000
BF10-NA,CF10-NA,<10000,353672,<10000,<10000,<10000
BM10-NA,CM10-NA,<10000,238082,<10000,<10000,<10000
BM10-NA,CF11-NA,<10000,4.7369e+06,208326,26978.3,<10000
BF11-NA,BM11-NA,<10000,<10000,577054,<10000,<10000
BF11-NA,CM10-NA,<10000,297209,24290.2,<10000,<10000
BF11-NA,CF11-NA,<10000,154872,<10000,<10000,<10000
BM11-NA,CM11-NA,<10000,2.63705e+06,70704.4,21116.9,<10000
BM11-NA,CF12-NA,<10000,170928,<10000,<10000,<10000
BF12-NA,BM12-NA,<10000,330368,1.02898e+06,<10000,<10000
BF12-NA,CM11-NA,<10000,38345.4,<10000,<10000,<10000
BF12-NA,CF12-NA,<10000,85048.9,<10000,<10000,<10000
BM12-NA,CM12-NA,<10000,31679.2,<10000,<10000,<10000
BF13-NA,BM13-NA,<10000,<10000,136231,<10000,<10000
BF13-NA,CM12-NA,<10000,116910,<10000,<10000,<10000
BF13-NA,CF13-NA,<10000,323382,39647.9,<10000,<10000
BM13-NA,CM13-NA,<10000,102645,<10000,<10000,<10000
BM13-NA,CF14-NA,<10000,273848,<10000,<10000,<10000
BF14-NA,BM14-NA,<10000,<10000,29985.1,<10000,<10000
BF14-NA,CM13-NA,<10000,12061.6,<10000,<10000,<10000
BF14-NA,CF14-NA,<10000,14207.3,<10000,<10000,<10000
BM14-NA,CM14-NA,<10000,61242.7,<10000,<10000,<10000
BM14-NA,CF15-NA,<10000,140716,35312.1,<10000,<10000
BF15-NA,BM15-NA,<10000,<10000,18894.9,<10000,<10000
BF15-NA,CM14-NA,<10000,89086.3,<10000,<10000,<10000
BF15-NA,CF15-NA,<10000,49216.2,<10000,<10000,<10000
BM15-NA,CM15-NA,<10000,12832.2,<10000,<10000,<10000
BF16-NA,BM16-NA,<10000,66620.4,<10000,<10000,<10000
BF16-NA,CM15-NA,<10000,2.57072e+06,122866,63545.7,<10000
BF16-NA,CF17-NA,<10000,34715.8,<10000,<10000,<10000
BM16-NA,CM16-NA,<10000,175621,<10000,<10000,<10000
BM16-NA,CF17-NA,<10000,41357.8,<10000,<10000,<10000
BF17-NA,BM17-NA,<10000,<10000,45552.2,<10000,<10000
BF17-NA,CM16-NA,<10000,713969,<10000,<10000,<10000
BF17-NA,CF17-NA,<10000,104173,<10000,<10000,<10000
BM17-NA,CM17-NA,<10000,4.19076e+06,59311.6,29312.9,<10000
BM17-NA,CF18-NA,<10000,6.02545e+06,144174,46370,<10000
BF18-NA,CM17-NA,<10000,34921.2,<10000,<10000,<10000
BF18-NA,CF18-NA,<10000,94560.3,<10000,<10000,<10000
BM18-NA,CM18-NA,<10000,71935.2,<10000,<10000,<10000
BM18-NA,CF19-NA,<10000,7.14063e+06,38819.9,34775.6,<10000
BF19-NA,CM18-NA,<10000,631708,<10000,<10000,<10000
BF19-NA,CF19-NA,<10000,9.34295e+06,1.07676e+06,53449.6,<10000
BM19-NA,CF20-NA,<10000,208223,<10000,<10000,<10000
BF20-NA,CM19-NA,<10000,87570.8,21845,<10000,<10000
BF20-NA,CF20-NA,<10000,25541.4,<10000,<10000,<10000
BF21-NA,BM21-NA,<10000,<10000,10913.6,<10000,<10000
BF21-NA,CM20-NA,<10000,489656,18164,<10000,<10000
BF21-NA,CF21-NA,<10000,56374.8,<10000,<10000,<10000
BM21-NA,CM21-NA,<10000,19697,<10000,<10000,<10000
BF22-NA,BM22-NA,<10000,<10000,163670,<10000,<10000
BF22-NA,CM21-NA,<10000,74972.2,<10000,<10000,<10000
BF22-NA,CF22-NA,<10000,54452.7,<10000,<10000,<10000
BM22-NA,CM22-NA,<10000,142054,56751.6,<10000,<10000
BF23-NA,BM23-NA,<10000,<10000,193340,<10000,<10000
BF23-NA,CF23-NA,<10000,525681,440382,<10000,<10000
BM23-NA,CM23-NA,<10000,16711.1,<10000,<10000,<10000
BF24-NA,BM24-NA,<10000,522710,481712,<10000,<10000
BF24-NA,CM23-NA,<10000,73972.5,30335.1,<10000,<10000
BF24-NA,CF24-NA,<10000,129892,27117.4,<10000,<10000
BM24-NA,CM24-NA,<10000,406626,<10000,<10000,<10000
BM24-NA,CF25-NA,<10000,285538,174697,<10000,<10000
BF25-NA,BM25-NA,<10000,558456,5.54581e+06,<10000,<10000
BF25-NA,CM24-NA,<10000,3.96856e+07,1.015e+07,205835,<10000
BF25-NA,CF25-NA,<10000,1.53876e+06,18992.1,14458.4,<10000
BM25-NA,CM25-NA,<10000,28249.9,<10000,<10000,<10000
BM25-NA,CF26-NA,<10000,29204.9,<10000,<10000,<10000
BF26-NA,BM26-NA,<10000,191374,412685,<10000,<10000
BF26-NA,CM25-NA,<10000,239365,<10000,<10000,<10000
BF26-NA,CF26-NA,<10000,66864.4,33883.1,<10000,<10000
BM26-NA,CM26-NA,<10000,80764.6,108653,<10000,<10000
BM26-NA,CF27-NA,<10000,65194.7,<10000,<10000,<10000
BF27-NA,CF27-NA,<10000,2.66902e+06,142702,18632.1,<10000
BM27-NA,CM27-NA,<10000,2.73798e+06,102168,28549.5,<10000
BM27-NA,CF28-NA,<10000,334484,<10000,<10000,<10000
BF28-NA,BM28-NA,<10000,2.76892e+06,8.531e+06,26076.7,<10000
BF28-NA,CM27-NA,<10000,646965,<10000,<10000,<10000
BF28-NA,CF28-NA,<10000,682306,1.61838e+06,12564.1,<10000
BF28-NA,CM28-NA,<10000,1.08934e+06,<10000,10483.8,<10000
BM28-NA,CM28-NA,<10000,505427,<10000,<10000,<10000
BM28-NA,CF29-NA,<10000,210704,<10000,<10000,<10000
BF29-NA,CM28-NA,<10000,237620,17277,<10000,<10000
BF29-NA,CF29-NA,<10000,4.66006e+06,2.96112e+06,25527.8,<10000
BM29-NA,CM29-NA,<10000,321508,10419.4,<10000,<10000
BM29-NA,CF30-NA,<10000,196752,<10000,<10000,<10000
BF30-NA,BM30-NA,<10000,<10000,503294,<10000,<10000
BF30-NA,CM29-NA,<10000,1.07941e+06,<10000,<10000,<10000
BF30-NA,CF30-NA,<10000,3.71776e+07,155736,116340,<10000
BM30-NA,CM30-NA,<10000,1.24402e+06,136210,15039.2,<10000
BM30-NA,CF31-NA,<10000,543977,32631,<10000,<10000
BF31-NA,BM31-NA,<10000,<10000,795132,<10000,<10000
BF31-NA,CM30-NA,<10000,412761,15298.2,<10000,<10000
BF31-NA,CF31-NA,<10000,22969.3,<10000,<10000,<10000
BM31-NA,CM31-NA,<10000,90159.9,13985.6,<10000,<10000
BM31-NA,CF32-NA,<10000,17466.6,<10000,<10000,<10000
BF32-NA,BM32-NA,<10000,4.43765e+07,7.57367e+07,143727,<10000
BF32-NA,CM31-NA,<10000,5.93622e+06,24708.6,35454.7,<10000
BF32-NA,CF32-NA,<10000,55164.4,<10000,<10000,<10000
BM32-NA,CM32-NA,<10000,9.14282e+06,322609,49460.5,<10000
BM32-NA,CF33-NA,<10000,263532,13379.1,<10000,<10000
BF33-NA,CM32-NA,<10000,33610.5,<10000,<10000,<10000
BM33-NA,CM33-NA,<10000,17106.1,<10000,<10000,<10000
BM33-NA,CF34-NA,<10000,631735,131531,19508.2,<10000
BF34-NA,BM34-NA,<10000,<10000,5.41434e+06,27664.6,<10000
BF34-NA,CM33-NA,<10000,190561,24793.9,<10000,<10000
BF34-NA,CF34-NA,<10000,7.40189e+07,8.88472e+06,444088,<10000
BM34-NA,CM34-NA,<10000,1.54289e+06,55641.1,13602.9,<10000
BM34-NA,CF35-NA,<10000,1.49892e+06,23547.5,15947.2,<10000
BF35-NA,CM34-NA,<10000,47684,<10000,<10000,<10000
BF35-NA,CF35-NA,<10000,157555,<10000,<10000,<10000
BM35-NA,CM35-NA,<10000,42583.1,<10000,<10000,<10000
BM35-NA,CF36-NA,<10000,514859,58890.9,<10000,<10000
BF36-NA,BM36-NA,<10000,1.31968e+06,6.50255e+06,<10000,<10000
BF36-NA,CM35-NA,<10000,57196.1,12076.5,<10000,<10000
BF36-NA,CF36-NA,<10000,521322,30922.9,<10000,<10000
BM36-NA,CM35-NA,<10000,26463,<10000,<10000,<10000
BM36-NA,CM36-NA,<10000,13878.5,<10000,<10000,<10000
BM36-NA,CF37-NA,<10000,19322.6,<10000,<10000,<10000
BF37-NA,BM37-NA,<10000,<10000,139402,<10000,<10000
BF37-NA,CM36-NA,<10000,861488,<10000,10341.9,<10000
BF37-NA,CF37-NA,<10000,172350,56108.2,<10000,<10000
BM37-NA,CM37-NA,<10000,73119.2,<10000,<10000,<10000
BF38-NA,BM38-NA,<10000,<10000,117978,<10000,<10000
BF38-NA,CM37-NA,<10000,47409.1,<10000,<10000,<10000
BM38-NA,CM38-NA,<10000,1.94024e+06,33353.2,10964.3,<10000
BM38-NA,CF39-NA,<10000,459111,22958.3,<10000,<10000
BF39-NA,CF39-NA,<10000,158104,33795.7,<10000,<10000
BF40-NA,CF40-NA,<10000,197194,53907,<10000,<10000
BM40-NA,CF41-NA,<10000,12383.8,<10000,<10000,<10000
BF41-NA,BM41-NA,<10000,<10000,22322.4,<10000,<10000
BF41-NA,CM40-NA,<10000,25109,<10000,<10000,<10000
BM41-NA,CM41-NA,<10000,274346,<10000,<10000,<10000
BM41-NA,CF42-NA,<10000,96474,<10000,<10000,<10000
BF42-NA,CF42-NA,<10000,12925.7,<10000,<10000,<10000
BM42-NA,CM42-NA,<10000,10872.5,<10000,<10000,<10000
BF43-NA,CF43-NA,<10000,29510.4,<10000,<10000,<10000
BM43-NA,CM43-NA,<10000,68926.2,16086.9,<10000,<10000
BM43-NA,CF44-NA,<10000,137556,34045.9,<10000,<10000
BF44-NA,BM44-NA,<10000,<10000,3.01011e+06,<10000,<10000
BF44-NA,CM43-NA,<10000,165773,<10000,<10000,<10000
BF44-NA,CF44-NA,<10000,199884,21013.2,<10000,<10000
BM44-NA,CF45-NA,<10000,59423.5,<10000,<10000,<10000
BF45-NA,BM45-NA,<10000,23034.9,32984.3,<10000,<10000
BF45-NA,CM44-NA,<10000,4.76004e+06,287396,35811.3,<10000
BM45-NA,CF46-NA,<10000,21178.8,<10000,<10000,<10000
BF46-NA,CM45-NA,<10000,1.00169e+06,36507.8,<10000,<10000
BF46-NA,CF46-NA,<10000,87489.6,<10000,<10000,<10000
BM46-NA,CF47-NA,<10000,440229,<10000,<10000,<10000
BF47-NA,BM47-NA,<10000,<10000,27310.3,<10000,<10000
BF47-NA,CM46-NA,<10000,14288.1,<10000,<10000,<10000
BF47-NA,CF47-NA,<10000,455557,47883.7,<10000,<10000
BF48-NA,BM48-NA,<10000,<10000,1.30847e+06,68040.3,<10000
BF48-NA,CM47-NA,<10000,45600,<10000,<10000,<10000
BM48-NA,CM48-NA,<10000,13470.9,<10000,<10000,<10000
BM48-NA,CF49-NA,<10000,11008.7,<10000,<10000,<10000
BF49-NA,BM49-NA,<10000,<10000,1.36485e+06,<10000,<10000
BF49-NA,CM48-NA,<10000,135536,45047.4,<10000,<10000
BF49-NA,CF49-NA,<10000,1.61859e+06,34080.7,15188.5,<10000
BM49-NA,CM49-NA,<10000,21109.5,<10000,<10000,<10000
BM49-NA,CF50-NA,<10000,21454.4,<10000,<10000,<10000
BF50-NA,CM49-NA,<10000,11034.3,<10000,<10000,<10000
BM50-NA,CF51-NA,<10000,3.75752e+06,1.92816e+06,33338,<10000
BF51-NA,BM51-NA,<10000,86267.9,83080.9,<10000,<10000
BF51-NA,CM50-NA,<10000,344554,22270.3,<10000,<10000
BF51-NA,CF51-NA,<10000,16945.1,<10000,<10000,<10000
BM51-NA,CF52-NA,<10000,20435.5,27225,<10000,<10000
BF52-NA,BM52-NA,<10000,504861,1.53608e+07,<10000,<10000
BF52-NA,CM51-NA,<10000,15203.8,<10000,<10000,<10000
BF53-NA,BM53-NA,<10000,<10000,278370,20137,<10000
BF53-NA,CM52-NA,<10000,1.6623e+06,29700,10138.7,<10000
BF53-NA,CF53-NA,<10000,2.08831e+06,77346.1,22144.1,<10000
BF53-NA,CM53-NA,<10000,23650.4,<10000,<10000,<10000
BM54-NA,CM54-NA,<10000,32356.6,<10000,<10000,<10000
BM54-NA,CF55-NA,<10000,41029,<10000,<10000,<10000
BF55-NA,CM54-NA,<10000,512596,828100,<10000,<10000
BF55-NA,CF55-NA,<10000,206117,12553.7,<10000,<10000
BM55-NA,CM55-NA,<10000,213055,<10000,<10000,<10000
BM55-NA,CF56-NA,<10000,42145.6,<10000,<10000,<10000
BF56-NA,CF21-NA,<10000,18212.6,<10000,<10000,<10000
BF56-NA,CF56-NA,<10000,55302,<10000,<10000,<10000
BM56-NA,CM56-NA,<10000,15340.8,<10000,<10000,<10000
BM56-NA,CF57-NA,<10000,120112,<10000,<10000,<10000
BF57-NA,BM57-NA,<10000,<10000,42771.4,<10000,<10000
BF57-NA,CM56-NA,<10000,111110,<10000,<10000,<10000
BF57-NA,CF57-NA,<10000,40448.8,<10000,<10000,<10000
BM57-NA,CM57-NA,<10000,137659,29930.8,<10000,<10000
BM57-NA,CF58-NA,<10000,26836.7,<10000,<10000,<10000
BM58-NA,CM58-NA,<10000,15029.6,<10000,<10000,<10000
BF59-NA,CM58-NA,<10000,217422,70673.3,<10000,<10000
BF59-NA,CF59-NA,<10000,245166,16051.8,<10000,<10000
BM59-NA,CF60-NA,<10000,464584,<10000,<10000,<10000
BF60-NA,CM59-NA,<10000,679103,206067,<10000,<10000
BF60-NA,CF60-NA,<10000,71349.2,<10000,<10000,<10000
BM60-NA,CM60-NA,<10000,25265.7,<10000,<10000,<10000
BM60-NA,CF61-NA,<10000,124077,20145.9,<10000,<10000
BF61-NA,BM61-NA,<10000,282675,257449,<10000,<10000
BF61-NA,CM60-NA,<10000,27126.8,<10000,<10000,<10000
BF61-NA,CF61-NA,<10000,15031.9,<10000,<10000,<10000
BF62-NA,CM61-NA,<10000,170494,108295,<10000,<10000
BF62-NA,CF62-NA,<10000,396309,225804,<10000,<10000
BM62-NA,CM62-NA,<10000,52720.6,<10000,<10000,<10000
BM62-NA,CF63-NA,<10000,112664,17674.4,<10000,<10000
BF63-NA,CM62-NA,<10000,83267,<10000,<10000,<10000
BF63-NA,CF63-NA,<10000,68578.5,<10000,<10000,<10000
BM63-NA,CM63-NA,<10000,178287,21413,<10000,<10000
BM63-NA,CF64-NA,<10000,243632,133476,<10000,<10000
BF64-NA,CM63-NA,<10000,231624,<10000,<10000,<10000
BF64-NA,CF64-NA,<10000,89736.8,<10000,<10000,<10000
BF65-NA,BM65-NA,<10000,<10000,3.30676e+07,42809.6,<10000
BF65-NA,CM64-NA,<10000,172651,<10000,<10000,<10000
BF65-NA,CF65-NA,<10000,1.18523e+06,256823,19363.5,<10000
BF65-NA,CM65-NA,<10000,<10000,28632,<10000,<10000
BM65-NA,CM65-NA,<10000,2.40718e+06,108640,23886.8,<10000
BM65-NA,CF66-NA,<10000,576587,1.32341e+06,<10000,<10000
BF66-NA,CM65-NA,<10000,183125,<10000,<10000,<10000
BF66-NA,CF66-NA,<10000,3.39621e+06,43596.1,55298.2,<10000
BM66-NA,CM66-NA,<10000,12639.3,<10000,<10000,<10000
BM66-NA,CF67-NA,<10000,4.10281e+06,264692,62600.7,<10000
BF67-NA,CM66-NA,<10000,229330,11152.2,<10000,<10000
BF67-NA,CF67-NA,<10000,152630,<10000,<10000,<10000
BM67-NA,CM67-NA,<10000,45826.4,<10000,<10000,<10000
BM67-NA,CF68-NA,<10000,62041.8,<10000,<10000,<10000
BF68-NA,BM68-NA,<10000,<10000,2.14203e+07,10582.3,<10000
BF68-NA,CM67-NA,<10000,783305,274409,<10000,<10000
BF68-NA,CF68-NA,<10000,272386,13988.4,<10000,<10000
BM68-NA,CM67-NA,<10000,74277.9,15450.3,<10000,<10000
BM68-NA,CM68-NA,<10000,71262,<10000,<10000,<10000
BM68-NA,CF69-NA,<10000,51571.1,<10000,<10000,<10000
BF69-NA,BM69-NA,<10000,6.84242e+07,8.26884e+08,256044,<10000
BF69-NA,CM68-NA,<10000,975118,105790,14848.8,<10000
BF69-NA,CF69-NA,<10000,23632,<10000,<10000,<10000
BM69-NA,CF70-NA,<10000,97257.8,<10000,<10000,<10000
BF70-NA,BM70-NA,<10000,219949,1.32645e+06,<10000,<10000
BM70-NA,CM70-NA,<10000,17565.4,<10000,<10000,<10000
BM70-NA,CF71-NA,<10000,31394.5,<10000,<10000,<10000
BF71-NA,BM71-NA,<10000,<10000,1.16976e+06,<10000,<10000
BF71-NA,CM70-NA,<10000,3.72622e+06,5.89029e+06,30392,<10000
BF71-NA,CF71-NA,<10000,142190,18339.9,<10000,<10000
BM71-NA,CM71-NA,<10000,12338.2,<10000,<10000,<10000
BM71-NA,CF72-NA,<10000,31973.5,<10000,<10000,<10000
BF72-NA,BM72-NA,<10000,<10000,38802.7,<10000,<10000
BF72-NA,CM71-NA,<10000,19682.3,104326,<10000,<10000
BF72-NA,CF72-NA,<10000,48435.5,<10000,<10000,<10000
BM72-NA,CM72-NA,<10000,391638,56662.3,<10000,<10000
BM73-NA,CM73-NA,<10000,1.69597e+06,331468,14550.4,<10000
BM73-NA,CF74-NA,<10000,2.10642e+06,<10000,20422.2,<10000
BF74-NA,BM74-NA,<10000,<10000,92374.1,<10000,<10000
BF74-NA,CM73-NA,<10000,22667.2,<10000,<10000,<10000
BM74-NA,CM74-NA,<10000,5.08949e+06,3.1697e+06,30536.8,<10000
BM74-NA,CF75-NA,<10000,1.92618e+07,6.13888e+07,102977,<10000
BF75-NA,CM74-NA,<10000,2.18472e+06,2.1093e+06,11556.3,<10000
BF75-NA,CF75-NA,<10000,2.72383e+06,35020,11967.3,<10000
BM75-NA,CM75-NA,<10000,400865,<10000,<10000,<10000
BM75-NA,CF76-NA,<10000,116950,<10000,<10000,<10000
BF76-NA,BM76-NA,<10000,<10000,77104.5,<10000,<10000
BF76-NA,CM75-NA,<10000,7.56e+06,149146,50262.9,<10000
BF76-NA,CF76-NA,<10000,4.76058e+06,71890.4,48344.8,<10000
BM76-NA,CM76-NA,<10000,1.64764e+06,1.8413e+06,21085.1,<10000
BM76-NA,CF77-NA,<10000,352172,<10000,<10000,<10000
BF77-NA,BM77-NA,<10000,<10000,35690.6,<10000,<10000
BF77-NA,CF77-NA,<10000,173522,<10000,<10000,<10000
BM77-NA,CM77-NA,<10000,55478.8,<10000,<10000,<10000
BM77-NA,CF78-NA,<10000,3.20675e+06,31645.8,31975.9,<10000
BF78-NA,BM78-NA,<10000,<10000,27252.1,<10000,<10000
BF78-NA,CM77-NA,<10000,59743.4,<10000,<10000,<10000
BF78-NA,CF78-NA,<10000,14151.7,<10000,<10000,<10000
BM78-NA,CM78-NA,<10000,33030.2,<10000,<10000,<10000
BF79-NA,BM79-NA,<10000,<10000,3.31432e+06,<10000,<10000
BF79-NA,CM78-NA,<10000,82531.5,<10000,<10000,<10000
BF79-NA,CF79-NA,<10000,96276.8,265702,<10000,<10000
BM79-NA,CF79-NA,<10000,13952.8,<10000,<10000,<10000
BM79-NA,CM79-NA,<10000,394566,<10000,<10000,<10000
BM79-NA,CF80-NA,<10000,411420,<10000,<10000,<10000
BF80-NA,BM80-NA,<10000,<10000,11590,<10000,<10000
BF80-NA,CM79-NA,<10000,100778,<10000,<10000,<10000
BF80-NA,CF80-NA,<10000,3.86858e+06,19201.3,25252.4,<10000
BM80-NA,CM80-NA,<10000,38134.6,<10000,<10000,<10000
BM80-NA,CF81-NA,<10000,2.27998e+06,1.39872e+06,15022.3,<10000
BF81-NA,BM81-NA,<10000,36906.7,35226.9,<10000,<10000
BF81-NA,CM80-NA,<10000,106009,<10000,<10000,<10000
BF81-NA,CF81-NA,<10000,601256,120303,<10000,<10000
BM81-NA,CF82-NA,<10000,22982,<10000,<10000,<10000
BF82-NA,BM82-NA,<10000,<10000,23413.2,<10000,<10000
BF82-NA,CM81-NA,<10000,836575,165814,<10000,<10000
BF82-NA,CF82-NA,<10000,4.19275e+07,6.33936e+06,171941,<10000
BM82-NA,CM82-NA,<10000,614259,<10000,<10000,<10000
BM82-NA,CF83-NA,<10000,180053,<10000,<10000,<10000
BF83-NA,CM82-NA,<10000,86650.1,<10000,<10000,<10000
BM83-NA,CF84-NA,<10000,102743,136391,<10000,<10000
BF84-NA,BM84-NA,<10000,<10000,1.84173e+06,<10000,<10000
BF84-NA,CM83-NA,<10000,430516,97420.8,<10000,<10000
BF84-NA,CF84-NA,<10000,21490.2,<10000,<10000,<10000
BM84-NA,CF85-NA,<10000,367093,<10000,<10000,<10000
BF85-NA,BM85-NA,<10000,<10000,4.40876e+07,27997.9,<10000
BF85-NA,CM84-NA,<10000,140906,<10000,<10000,<10000
BF85-NA,CF85-NA,<10000,819264,<10000,<10000,<10000
BM85-NA,CM85-NA,<10000,151368,40975.9,<10000,<10000
BM85-NA,CF86-NA,<10000,460177,19542.2,<10000,<10000
BF86-NA,BM86-NA,<10000,<10000,49746.5,<10000,<10000
BF86-NA,CM85-NA,<10000,63705.6,<10000,<10000,<10000
BF86-NA,CF86-NA,<10000,73214.6,<10000,<10000,<10000
BM86-NA,CF87-NA,<10000,47864.4,<10000,<10000,<10000
BF87-NA,CM86-NA,<10000,93234.6,<10000,<10000,<10000
BF87-NA,CF87-NA,<10000,272925,<10000,<10000,<10000
BM87-NA,CM87-NA,<10000,109559,15316.1,<10000,<10000
BF88-NA,CF88-NA,<10000,32994.8,15340.9,<10000,<10000
BM88-NA,CF89-NA,<10000,212007,<10000,<10000,<10000
BF89-NA,BM89-NA,<10000,<10000,2.96631e+07,165802,<10000
BF89-NA,CM88-NA,<10000,786407,<10000,<10000,<10000
BF89-NA,CF89-NA,<10000,1.64848e+06,95014.7,14056.6,<10000
BM89-NA,CM89-NA,<10000,94591.9,<10000,<10000,<10000
BM89-NA,CF90-NA,<10000,1.43734e+06,<10000,<10000,<10000
BF90-NA,CM89-NA,<10000,11717.2,<10000,<10000,<10000
BF90-NA,CF90-NA,<10000,89276.5,<10000,<10000,<10000
BM90-NA,CM90-NA,<10000,153657,<10000,<10000,<10000
BM90-NA,CF91-NA,<10000,109646,<10000,<10000,<10000
BF91-NA,CM90-NA,<10000,5.8845e+06,5.9612e+06,23507.7,<10000
BF91-NA,CF91-NA,<10000,1.66269e+06,191528,<10000,<10000
BM91-NA,CM91-NA,<10000,20171,<10000,<10000,<10000
BM91-NA,CF92-NA,<10000,14266.8,<10000,<10000,<10000
BF92-NA,BM92-NA,<10000,<10000,443046,<10000,<10000
BF92-NA,CM91-NA,<10000,70194.4,<10000,<10000,<10000
BF92-NA,CF92-NA,<10000,81714.8,23733.4,<10000,<10000
BM92-NA,CM92-NA,<10000,50488.5,<10000,<10000,<10000
BM92-NA,CF93-NA,<10000,440413,126884,<10000,<10000
BF93-NA,BM93-NA,<10000,<10000,13662.2,<10000,<10000
BF93-NA,CM92-NA,<10000,880171,69010.2,<10000,<10000
BF93-NA,CF93-NA,<10000,101369,<10000,<10000,<10000
BM93-NA,CM93-NA,<10000,58984.6,13869,<10000,<10000
BF94-NA,CF94-NA,<10000,258586,32327.8,<10000,<10000
BM94-NA,CM94-NA,<10000,144072,11731.1,<10000,<10000
BM94-NA,CF95-NA,<10000,38911.8,<10000,<10000,<10000
BF95-NA,CM94-NA,<10000,18132.1,<10000,<10000,<10000
BF95-NA,CF95-NA,<10000,17290.2,<10000,<10000,<10000
BM95-NA,CM95-NA,<10000,417001,58511.4,<10000,<10000
BM95-NA,CF96-NA,<10000,306024,22438.3,<10000,<10000
BF96-NA,CM95-NA,<10000,268029,10641.1,<10000,<10000
BF96-NA,CF96-NA,<10000,793551,191081,<10000,<10000
BM96-NA,CM96-NA,<10000,133030,<10000,<10000,<10000
BM96-NA,CF97-NA,<10000,41200,<10000,<10000,<10000
BM97-NA,CM97-NA,<10000,115058,<10000,<10000,<10000
BM97-NA,CF98-NA,<10000,393560,78273.4,<10000,<10000
BF98-NA,CM97-NA,<10000,179698,31469.4,<10000,<10000
BF98-NA,CF98-NA,<10000,12082,<10000,<10000,<10000
BM98-NA,CM98-NA,<10000,53721.1,<10000,<10000,<10000
BM98-NA,CF99-NA,<10000,1.23931e+06,393333,<10000,<10000
BF99-NA,BM99-NA,<10000,<10000,36237.4,<10000,<10000
BM99-NA,CF100-NA,<10000,16528.3,<10000,<10000,<10000
BF100-NA,BM100-NA,<10000,<10000,18683.2,<10000,<10000
BF100-NA,CM99-NA,<10000,1.96964e+06,71125.2,13917.1,<10000
BF100-NA,CF100-NA,<10000,27617.6,<10000,<10000,<10000
BM100-NA,CM100-NA,<10000,7.74288e+07,389334,281350,<10000
BM100-NA,CF101-NA,<10000,2.38483e+08,3.38433e+07,1.29646e+06,17757.2
BF101-NA,CM100-NA,<10000,479978,242828,<10000,<10000
BF101-NA,CF101-NA,<10000,1.54017e+06,35286.2,17956.5,<10000
BM101-NA,CM101-NA,<10000,565085,<10000,<10000,<10000
BF102-NA,CM101-NA,<10000,5.30042e+06,69853.6,44658.3,<10000
BF102-NA,CF102-NA,<10000,114919,<10000,<10000,<10000
BM102-NA,CM102-NA,<10000,34369.9,<10000,<10000,<10000
BM102-NA,CF103-NA,<10000,234553,<10000,<10000,<10000
BF103-NA,BM103-NA,<10000,<10000,49585.6,<10000,<10000
BF103-NA,CM102-NA,<10000,20445.9,<10000,<10000,<10000
BM103-NA,CM103-NA,<10000,481913,74225.8,<10000,<10000
BM103-NA,CF104-NA,<10000,1.36802e+06,16629.8,<10000,<10000
BF104-NA,BM104-NA,<10000,<10000,36788.7,<10000,<10000
BF104-NA,CM103-NA,<10000,26712.7,<10000,<10000,<10000
BF104-NA,CF104-NA,<10000,122612,<10000,<10000,<10000
BM104-NA,CM104-NA,<10000,57708.6,<10000,<10000,<10000
BM104-NA,CF105-NA,<10000,15451.8,<10000,<10000,<10000
BF105-NA,CM104-NA,<10000,8.02399e+06,547482,29243.9,<10000
BF105-NA,CF105-NA,<10000,1.27919e+06,614891,18769.8,<10000
BM105-NA,CM105-NA,<10000,1.26046e+06,36861.3,15353.9,<10000
BM105-NA,CF106-NA,<10000,30522.9,<10000,<10000,<10000
BF106-NA,CF106-NA,<10000,34199.4,<10000,<10000,<10000
BM106-NA,CM106-NA,<10000,41301.5,<10000,<10000,<10000
BF107-NA,BM107-NA,<10000,1.93417e+07,2.05731e+08,91097.1,<10000
BF107-NA,CM106-NA,<10000,96798.9,<10000,<10000,<10000
BF107-NA,CF107-NA,<10000,1.07789e+06,100193,10029.6,<10000
BM107-NA,CM107-NA,<10000,56420.8,<10000,<10000,<10000
BM107-NA,CF108-NA,<10000,241703,<10000,<10000,<10000
BF108-NA,CM107-NA,<10000,17793.2,<10000,<10000,<10000
BF108-NA,CF108-NA,<10000,523556,13897.6,<10000,<10000
BM108-NA,CM108-NA,<10000,1.55551e+06,<10000,14456,<10000
BM108-NA,CF109-NA,<10000,3.91967e+06,2.79299e+06,21878.4,<10000
BF109-NA,BM109-NA,<10000,<10000,1.20746e+06,<10000,<10000
BF109-NA,CM108-NA,<10000,13965.5,<10000,<10000,<10000
BF109-NA,CF109-NA,<10000,21432.3,<10000,<10000,<10000
BM109-NA,CM109-NA,<10000,106469,22900.2,<10000,<10000
BM109-NA,CF110-NA,<10000,576705,21445.9,<10000,<10000
BF110-NA,BM110-NA,<10000,<10000,12441.5,<10000,<10000
BF110-NA,CM109-NA,<10000,1.29586e+06,31002.3,13823.3,<10000
BF110-NA,CF110-NA,<10000,64064.7,<10000,<10000,<10000
BM110-NA,CM110-NA,<10000,62278.3,<10000,<10000,<10000
BM110-NA,CF111-NA,<10000,167668,29230.1,<10000,<10000
BF111-NA,BM111-NA,<10000,1.23018e+06,331258,<10000,<10000
BM111-NA,CM111-NA,<10000,93249.2,<10000,<10000,<10000
BM111-NA,CF112-NA,<10000,14730.3,<10000,<10000,<10000
BF112-NA,BM112-NA,<10000,6.221e+06,3.26884e+08,26764.4,<10000
BF112-NA,CM111-NA,<10000,54351.7,<10000,<10000,<10000
BF112-NA,CF112-NA,<10000,917013,44979.4,<10000,<10000
BF113-NA,BM113-NA,<10000,<10000,571488,13851.3,<10000
BF113-NA,CM112-NA,<10000,109079,<10000,<10000,<10000
BF113-NA,CF113-NA,<10000,498364,<10000,<10000,<10000
BM113-NA,CM113-NA,<10000,2.12547e+06,<10000,20817.1,<10000
BM113-NA,CF114-NA,<10000,39249.2,<10000,<10000,<10000
BF114-NA,BM114-NA,<10000,<10000,1.3108e+06,22067.4,<10000
BF114-NA,CM113-NA,<10000,1.29105e+06,130476,10044.8,<10000
BF114-NA,CF114-NA,<10000,13145.9,<10000,<10000,<10000
BM114-NA,CM114-NA,<10000,645095,<10000,<10000,<10000
BM114-NA,CF115-NA,<10000,1.32891e+06,445658,12282.9,<10000
BF115-NA,BM115-NA,<10000,55037.8,248046,<10000,<10000
BF115-NA,CM114-NA,<10000,22540.1,<10000,<10000,<10000
BM115-NA,CF116-NA,<10000,357542,<10000,<10000,<10000
BM116-NA,CM116-NA,<10000,1.18335e+06,48994.1,10652.2,<10000
BM116-NA,CF117-NA,<10000,39592.7,16979.6,<10000,<10000
BF117-NA,CM116-NA,<10000,13094.4,<10000,<10000,<10000
BF117-NA,CF117-NA,<10000,33252.3,<10000,<10000,<10000
BM117-NA,CM117-NA,<10000,89247.9,<10000,<10000,<10000
BM117-NA,CF118-NA,<10000,1.39033e+06,1.58283e+06,<10000,<10000
BF118-NA,CM117-NA,<10000,238423,163958,<10000,<10000
BF118-NA,CF118-NA,<10000,12305.4,<10000,<10000,<10000
BM118-NA,CM118-NA,<10000,50402.5,<10000,<10000,<10000
BM118-NA,CF119-NA,<10000,914210,<10000,<10000,<10000
BF119-NA,BM119-NA,<10000,245739,1.0103e+06,<10000,<10000
BF119-NA,CM118-NA,<10000,17121.8,<10000,<10000,<10000
BF119-NA,CF119-NA,<10000,27040.5,<10000,<10000,<10000
BM119-NA,CM119-NA,<10000,33855.4,<10000,<10000,<10000
BM119-NA,CF120-NA,<10000,15936.4,<10000,<10000,<10000
BF120-NA,BM120-NA,<10000,<10000,39081,<10000,<10000
BF120-NA,CF120-NA,<10000,10494.9,<10000,<10000,<10000
BM120-NA,CM120-NA,<10000,44822.7,<10000,<10000,<10000
BM120-NA,CF121-NA,<10000,936820,699321,<10000,<10000
BF121-NA,CM120-NA,<10000,187609,24972.5,<10000,<10000
BF121-NA,CF121-NA,<10000,12954.7,<10000,<10000,<10000
BM121-NA,CM121-NA,<10000,126459,<10000,<10000,<10000
BM121-NA,CF122-NA,<10000,68507.2,25629,<10000,<10000
BF122-NA,BM122-NA,<10000,<10000,22332,<10000,<10000
BF122-NA,CM121-NA,<10000,342645,39758.7,<10000,<10000
BF122-NA,CF122-NA,<10000,116242,<10000,<10000,<10000
BM122-NA,CM122-NA,<10000,20212,<10000,<10000,<10000
BM122-NA,CF123-NA,<10000,1.06255e+06,89403.9,13455.3,<10000
BF123-NA,BM123-NA,<10000,<10000,28854.3,<10000,<10000
BF123-NA,CM122-NA,<10000,769930,254459,<10000,<10000
BF123-NA,CF123-NA,<10000,25808.6,<10000,<10000,<10000
BM123-NA,CM123-NA,<10000,69472.5,<10000,<10000,<10000
BM123-NA,CF124-NA,<10000,14478,<10000,<10000,<10000
BF124-NA,CM123-NA,<10000,534064,21729.1,<10000,<10000
BF124-NA,CF124-NA,<10000,1.21893e+07,411363,59294.7,<10000
BM124-NA,CM124-NA,<10000,61775.2,<10000,<10000,<10000
BM124-NA,CF125-NA,<10000,2.45286e+06,39676.6,14227.1,<10000
BM125-NA,CM125-NA,<10000,66528.9,<10000,<10000,<10000
BM125-NA,CF126-NA,<10000,69051.2,<10000,<10000,<10000
BF126-NA,BM126-NA,<10000,2.44804e+06,3.81163e+07,40093.4,<10000
BF126-NA,CM125-NA,<10000,48250.4,<10000,<10000,<10000
BF126-NA,CF126-NA,<10000,20753.7,<10000,<10000,<10000
BM126-NA,CM126-NA,<10000,7.62862e+06,78847.8,86274.5,<10000
BM126-NA,CF127-NA,<10000,1.38648e+10,1.46379e+09,1.49947e+07,62361.1
BF127-NA,BM127-NA,<10000,<10000,210220,<10000,<10000
BM127-NA,CM127-NA,<10000,20519.9,<10000,<10000,<10000
BF128-NA,BM128-NA,<10000,<10000,1.73545e+06,<10000,<10000
BF128-NA,CM127-NA,<10000,300913,120307,<10000,<10000
BF128-NA,CF128-NA,<10000,21963.2,<10000,<10000,<10000
BM128-NA,CM128-NA,<10000,1.8598e+06,499382,10645,<10000
BM128-NA,CF129-NA,<10000,48549.4,<10000,<10000,<10000
BF129-NA,BM129-NA,<10000,<10000,298628,<10000,<10000
BF129-NA,CM128-NA,<10000,245946,<10000,<10000,<10000
BF129-NA,CF129-NA,<10000,277441,28543.5,<10000,<10000
BM129-NA,CF130-NA,<10000,147644,<10000,<10000,<10000
BF130-NA,BM130-NA,<10000,<10000,787317,<10000,<10000
BF130-NA,CM129-NA,<10000,23675,<10000,<10000,<10000
BF130-NA,CF130-NA,<10000,268580,<10000,<10000,<10000
BM130-NA,CM130-NA,<10000,1.76095e+06,<10000,15264,<10000
BM130-NA,CF131-NA,<10000,2.11131e+06,45625.4,15499.8,<10000
BF131-NA,CM130-NA,<10000,1.03402e+06,<10000,<10000,<10000
BF131-NA,CF131-NA,<10000,254232,<10000,<10000,<10000
BM131-NA,CM131-NA,<10000,190481,14475.3,<10000,<10000
BM131-NA,CF132-NA,<10000,311739,101147,<10000,<10000
BF132-NA,BM132-NA,<10000,<10000,1.36475e+06,<10000,<10000
BF132-NA,CM131-NA,<10000,1.65523e+06,77020.8,12829.3,<10000
BF132-NA,CF132-NA,<10000,191124,<10000,<10000,<10000
BM132-NA,CM132-NA,<10000,18060.8,<10000,<10000,<10000
BM132-NA,CF133-NA,<10000,13690.3,<10000,<10000,<10000
BF133-NA,BM133-NA,<10000,<10000,144890,<10000,<10000
BF133-NA,CM132-NA,<10000,107525,64684.5,<10000,<10000
BF133-NA,CF133-NA,<10000,38401.8,29243,<10000,<10000
BM133-NA,CM133-NA,<10000,119953,14185.7,<10000,<10000
BM133-NA,CF134-NA,<10000,549466,30141.7,<10000,<10000
BF134-NA,BM134-NA,<10000,<10000,258066,<10000,<10000
BM134-NA,CF135-NA,<10000,16291.5,<10000,<10000,<10000
BF135-NA,BM135-NA,<10000,184014,23036.6,<10000,<10000
BF135-NA,CM134-NA,<10000,258987,<10000,<10000,<10000
BF135-NA,CF135-NA,<10000,1.58434e+07,945133,165701,<10000
BM135-NA,CM135-NA,<10000,199183,<10000,<10000,<10000
BF136-NA,BM136-NA,<10000,<10000,14689.4,<10000,<10000
BF136-NA,CM127-NA,<10000,10768.2,<10000,<10000,<10000
BF136-NA,CM135-NA,<10000,656608,13228.4,<10000,<10000
BF136-NA,CF136-NA,<10000,27499.1,<10000,<10000,<10000
BF136-NA,CM151-NA,<10000,41959.5,<10000,<10000,<10000
BM136-NA,CM136-NA,<10000,277890,30066.9,<10000,<10000
BF137-NA,BM137-NA,<10000,<10000,2.02205e+06,<10000,<10000
BF137-NA,CM136-NA,<10000,276652,<10000,<10000,<10000
BM137-NA,CM137-NA,<10000,454602,<10000,<10000,<10000
BM137-NA,CF138-NA,<10000,41453.9,<10000,<10000,<10000
BF138-NA,BM138-NA,<10000,1.83041e+06,1.48004e+08,<10000,<10000
BF138-NA,CM137-NA,<10000,1.26313e+06,75750.4,<10000,<10000
BF138-NA,CF138-NA,<10000,189718,42623.6,<10000,<10000
BM138-NA,CF139-NA,<10000,48676.2,<10000,<10000,<10000
BF139-NA,BM139-NA,<10000,<10000,31138.4,<10000,<10000
BF139-NA,CF139-NA,<10000,68044.8,<10000,<10000,<10000
BM139-NA,CM139-NA,<10000,38431.9,26260.9,<10000,<10000
BM139-NA,CF140-NA,<10000,1.46233e+06,219272,12887,<10000
BF140-NA,CM139-NA,<10000,41612.7,<10000,<10000,<10000
BF140-NA,CF140-NA,<10000,18684.4,23924.5,<10000,<10000
BM140-NA,CM140-NA,<10000,1.51014e+06,6.71115e+06,<10000,<10000
BM140-NA,CF141-NA,<10000,274088,137205,<10000,<10000
BF141-NA,CM140-NA,<10000,67815.3,<10000,<10000,<10000
BF141-NA,CF141-NA,<10000,111748,<10000,<10000,<10000
BM141-NA,CM141-NA,<10000,98869.1,<10000,<10000,<10000
BM141-NA,CF142-NA,<10000,478705,12036.3,<10000,<10000
BF142-NA,BM142-NA,<10000,655767,120031,<10000,<10000
BF142-NA,CM141-NA,<10000,1.14733e+06,25815.8,17056.6,<10000
BF142-NA,CF142-NA,<10000,1.0078e+06,36183.1,11871.5,<10000
BM142-NA,CM142-NA,<10000,17606.6,<10000,<10000,<10000
BM142-NA,CF143-NA,<10000,55599.9,<10000,<10000,<10000
BF143-NA,BM143-NA,<10000,<10000,110185,<10000,<10000
BF143-NA,CM142-NA,<10000,1.33437e+06,1.67744e+06,10644.2,<10000
BF143-NA,CF143-NA,<10000,136194,<10000,<10000,<10000
BM143-NA,CM143-NA,<10000,74759.8,<10000,<10000,<10000
BM143-NA,CF144-NA,<10000,1.00671e+07,319422,58077.4,<10000
BF144-NA,CM143-NA,<10000,650902,17827.9,<10000,<10000
BF144-NA,CF144-NA,<10000,55420.5,<10000,<10000,<10000
BM144-NA,CM144-NA,<10000,738224,<10000,<10000,<10000
BM144-NA,CF145-NA,<10000,26927.6,<10000,<10000,<10000
BF145-NA,BM145-NA,<10000,7.69437e+06,4.73188e+06,46195.8,<10000
BF145-NA,CM144-NA,<10000,2.42147e+07,9.41337e+06,136503,<10000
BF145-NA,CF145-NA,<10000,27453.8,<10000,<10000,<10000
BM145-NA,CM145-NA,<10000,24441.5,<10000,<10000,<10000
BM145-NA,CF146-NA,<10000,1.01182e+06,11803,<10000,<10000
BF146-NA,BM146-NA,<10000,<10000,22395.9,<10000,<10000
BM146-NA,CF100-NA,<10000,23043.1,<10000,<10000,<10000
BM146-NA,CM146-NA,<10000,82903.8,<10000,<10000,<10000
BM146-NA,CF147-NA,<10000,121912,11874.6,<10000,<10000
BF147-NA,CM146-NA,<10000,40582.8,<10000,<10000,<10000
BF147-NA,CF147-NA,<10000,93202.3,<10000,<10000,<10000
BF148-NA,BM148-NA,<10000,<10000,97464.6,<10000,<10000
BF148-NA,CM147-NA,<10000,237321,58199.5,<10000,<10000
BF148-NA,CF148-NA,<10000,85103.6,<10000,<10000,<10000
BM148-NA,CM38-NA,<10000,<10000,29220.1,<10000,<10000
BM148-NA,CF39-NA,<10000,40543.9,12519.2,<10000,<10000
BM148-NA,CM147-NA,<10000,27150.7,<10000,<10000,<10000
BM148-NA,CM148-NA,<10000,53331.9,<10000,<10000,<10000
BF149-NA,CM148-NA,<10000,44839.2,<10000,<10000,<10000
BF149-NA,CF149-NA,<10000,365070,<10000,<10000,<10000
BM149-NA,CM149-NA,<10000,123826,30661.2,<10000,<10000
BM149-NA,CF150-NA,<10000,229891,<10000,<10000,<10000
BF150-NA,BM150-NA,<10000,<10000,286917,<10000,<10000
BF150-NA,CM149-NA,<10000,451882,65914.6,<10000,<10000
BF150-NA,CF150-NA,<10000,536307,<10000,<10000,<10000
BM150-NA,CM150-NA,<10000,11050.5,<10000,<10000,<10000
BF151-NA,BM151-NA,<10000,<10000,137756,<10000,<10000
BF151-NA,CM150-NA,<10000,865287,43152.8,10039.7,<10000
BF151-NA,CF151-NA,<10000,50219.9,<10000,<10000,<10000
BM151-NA,CM151-NA,<10000,136305,<10000,<10000,<10000
BM151-NA,CF152-NA,<10000,2.0299e+06,89723.1,17794.8,<10000
BF152-NA,BM152-NA,<10000,<10000,726457,<10000,<10000
BF152-NA,CM151-NA,<10000,180623,166312,<10000,<10000
BF152-NA,CF152-NA,<10000,2.93209e+06,6.40106e+07,18308.1,<10000
BM152-NA,CM152-NA,<10000,87270.9,24597.3,<10000,<10000
BM152-NA,CF153-NA,<10000,385468,815390,<10000,<10000
BF153-NA,BM153-NA,<10000,<10000,183831,<10000,<10000
BF153-NA,CM152-NA,<10000,412353,192467,<10000,<10000
BM153-NA,CM153-NA,<10000,697122,535051,11507.5,<10000
BM153-NA,CF154-NA,<10000,23968.1,<10000,<10000,<10000
BF154-NA,BM154-NA,<10000,<10000,55478.7,<10000,<10000
BF154-NA,CM153-NA,<10000,638928,41328.9,<10000,<10000
BF154-NA,CF154-NA,<10000,4.099e+06,1.08806e+06,20459.9,<10000
BM154-NA,CM154-NA,<10000,81912.8,14021,<10000,<10000
BF155-NA,CM154-NA,<10000,41844.9,11444.4,<10000,<10000
BF155-NA,CF155-NA,<10000,32694.4,<10000,<10000,<10000
BM155-NA,CF156-NA,<10000,88274.9,<10000,<10000,<10000
BF156-NA,CM155-NA,<10000,28742.6,11620.7,<10000,<10000
BF156-NA,CF156-NA,<10000,375322,23393.5,<10000,<10000
BM156-NA,CF157-NA,<10000,18375.1,<10000,<10000,<10000
BF157-NA,BM157-NA,<10000,<10000,13430.6,<10000,<10000
BF157-NA,CM156-NA,<10000,45650.3,<10000,<10000,<10000
BF157-NA,CF157-NA,<10000,252487,11819.5,<10000,<10000
BM157-NA,CF157-NA,<10000,<10000,22472.3,<10000,<10000
BM157-NA,CM157-NA,<10000,247850,<10000,<10000,<10000
BM157-NA,CF158-NA,<10000,871338,20696.3,<10000,<10000
BF158-NA,BM158-NA,<10000,<10000,43393.5,<10000,<10000
BF158-NA,CM157-NA,<10000,13519.1,<10000,<10000,<10000
BF158-NA,CF158-NA,<10000,17282.5,<10000,<10000,<10000
BM158-NA,CM158-NA,<10000,10719.5,<10000,<10000,<10000
BM158-NA,CF159-NA,<10000,117827,77174.5,<10000,<10000
BF159-NA,CM158-NA,<10000,101383,44067.3,<10000,<10000
BF159-NA,CF159-NA,<10000,66250.9,<10000,<10000,<10000
BM159-NA,CM159-NA,<10000,18790.6,<10000,<10000,<10000
BM159-NA,CF160-NA,<10000,20174.7,<10000,<10000,<10000
BF160-NA,CM159-NA,<10000,8.34568e+06,5.05516e+06,37200.8,<10000
BF160-NA,CF160-NA,<10000,2.68892e+06,1.29296e+06,18855.4,<10000
BF161-NA,CM160-NA,<10000,13819.5,<10000,<10000,<10000
BF161-NA,CF161-NA,<10000,55336,152610,<10000,<10000
BM161-NA,CM161-NA,<10000,47758.4,<10000,<10000,<10000
BM161-NA,CF162-NA,<10000,27582.2,<10000,<10000,<10000
BF162-NA,BM162-NA,<10000,<10000,79852.8,<10000,<10000
BF162-NA,CM161-NA,<10000,201313,12797.8,<10000,<10000
BF162-NA,CF162-NA,<10000,17843.9,<10000,<10000,<10000
BM162-NA,CM162-NA,<10000,1.01472e+06,<10000,<10000,<10000
BM162-NA,CF163-NA,<10000,29402.9,<10000,<10000,<10000
BF163-NA,CM162-NA,<10000,305508,<10000,<10000,<10000
BF163-NA,CF163-NA,<10000,440621,<10000,<10000,<10000
BM163-NA,CM163-NA,<10000,34644.9,<10000,<10000,<10000
BM163-NA,CF164-NA,<10000,443558,<10000,<10000,<10000
BF164-NA,CM163-NA,<10000,63342.3,<10000,<10000,<10000
BF164-NA,CF164-NA,<10000,49260,<10000,<10000,<10000
BM164-NA,CM164-NA,<10000,29687.6,<10000,<10000,<10000
BM164-NA,CF165-NA,<10000,130423,<10000,<10000,<10000
BF165-NA,BM165-NA,<10000,<10000,2.32374e+08,39932.7,<10000
BF165-NA,CM164-NA,<10000,36308.6,<10000,<10000,<10000
BF165-NA,CF165-NA,<10000,679335,<10000,<10000,<10000
BM165-NA,CM165-NA,<10000,2.27023e+06,<10000,26567.3,<10000
CM1-NA,CF2-NA,<10000,233635,14290.8,<10000,<10000
CM4-NA,CF5-NA,<10000,<10000,3.12856e+07,<10000,<10000
CM5-NA,CF6-NA,<10000,<10000,24268.9,<10000,<10000
CM9-NA,CF162-NA,<10000,<10000,104763,<10000,<10000
CM10-NA,CF11-NA,<10000,<10000,1.96966e+06,<10000,<10000
CM11-NA,CF12-NA,<10000,<10000,6.06515e+06,12942.4,<10000
CM12-NA,CF13-NA,<10000,<10000,1.95868e+06,<10000,<10000
CM13-NA,CF14-NA,<10000,<10000,19837.7,<10000,<10000
CM14-NA,CF15-NA,<10000,<10000,17277.2,<10000,<10000
CM16-NA,CF17-NA,<10000,167779,125237,<10000,<10000
CM17-NA,CF18-NA,<10000,<10000,106924,<10000,<10000
CM18-NA,CF19-NA,<10000,<10000,19520.5,15733,<10000
CM19-NA,CF20-NA,<10000,<10000,56934.1,<10000,<10000
CM20-NA,CF21-NA,<10000,50570.3,55855.2,<10000,<10000
CM21-NA,CF22-NA,<10000,167555,565860,<10000,<10000
CM21-NA,CM61-NA,<10000,13641.8,<10000,<10000,<10000
CF22-NA,CF165-NA,<10000,<10000,13667.8,<10000,<10000
CM23-NA,CF24-NA,<10000,<10000,4.11857e+07,<10000,<10000
CM25-NA,CF26-NA,<10000,231136,211109,<10000,<10000
CM26-NA,CF27-NA,<10000,39412.1,31431.9,<10000,<10000
CM27-NA,CF28-NA,<10000,<10000,661195,17600.8,<10000
CM28-NA,CF29-NA,<10000,<10000,2.1156e+06,<10000,<10000
CM29-NA,CF30-NA,<10000,<10000,105327,<10000,<10000
CM31-NA,CF32-NA,<10000,<10000,42572.4,<10000,<10000
CM32-NA,CF33-NA,<10000,<10000,447270,<10000,<10000
CM34-NA,CF35-NA,<10000,<10000,374986,<10000,<10000
CM37-NA,CF38-NA,<10000,<10000,122722,<10000,<10000
CM38-NA,CF39-NA,<10000,1.07992e+06,685503,<10000,<10000
CM41-NA,CF42-NA,<10000,<10000,203922,<10000,<10000
CM42-NA,CF43-NA,<10000,<10000,31563.6,<10000,<10000
CM47-NA,CF48-NA,<10000,<10000,14100.4,<10000,<10000
CM55-NA,CF56-NA,<10000,<10000,384294,<10000,<10000
CM56-NA,CF57-NA,<10000,<10000,442024,<10000,<10000
CM59-NA,CF60-NA,<10000,<10000,81822.1,<10000,<10000
CM60-NA,CF61-NA,<10000,3.50309e+06,6.53327e+08,16850.9,<10000
CM62-NA,CF63-NA,<10000,<10000,48899.7,<10000,<10000
CM63-NA,CF64-NA,<10000,<10000,192248,<10000,<10000
CM64-NA,CF65-NA,<10000,60343.3,25639.4,<10000,<10000
CM65-NA,CF66-NA,<10000,<10000,29981.7,10006.2,<10000
CM66-NA,CF67-NA,<10000,37627.6,49235.7,<10000,<10000
CM67-NA,CF68-NA,<10000,<10000,1.18872e+08,<10000,<10000
CM70-NA,CF71-NA,<10000,<10000,647995,<10000,<10000
CM73-NA,CF74-NA,<10000,<10000,108137,<10000,<10000
CM74-NA,CF75-NA,<10000,<10000,4.03773e+07,28285.8,<10000
CM76-NA,CF77-NA,<10000,38738.5,13470.1,<10000,<10000
CM77-NA,CF78-NA,<10000,<10000,325992,<10000,<10000
CM78-NA,CF79-NA,<10000,59823.4,27866.6,<10000,<10000
CM79-NA,CF80-NA,<10000,<10000,3.1921e+09,14850.6,<10000
CM88-NA,CF89-NA,<10000,<10000,15264.5,<10000,<10000
CM89-NA,CF90-NA,<10000,<10000,1.00569e+07,<10000,<10000
CM90-NA,CF91-NA,<10000,<10000,49359.5,<10000,<10000
CM91-NA,CF92-NA,<10000,<10000,60971.4,<10000,<10000
CM92-NA,CF93-NA,<10000,<10000,3.18607e+06,22248.2,<10000
CM93-NA,CF94-NA,<10000,11416.6,15597.1,<10000,<10000
CM94-NA,CF95-NA,<10000,<10000,2.86171e+06,<10000,<10000
CM95-NA,CF96-NA,<10000,<10000,33871.7,<10000,<10000
CM100-NA,CF101-NA,<10000,<10000,1.06929e+06,42884.4,<10000
CM103-NA,CF104-NA,<10000,82836.6,<10000,<10000,<10000
CM104-NA,CF105-NA,<10000,<10000,15786.2,<10000,<10000
CM108-NA,CF109-NA,<10000,<10000,125179,<10000,<10000
CM109-NA,CF110-NA,<10000,1.09381e+06,702421,10173.2,<10000
CM112-NA,CF113-NA,<10000,56001.8,237499,<10000,<10000
CM114-NA,CF115-NA,<10000,<10000,332490,<10000,<10000
CM115-NA,CF116-NA,<10000,<10000,19615.3,<10000,<10000
CM117-NA,CF118-NA,<10000,244748,1.3539e+06,<10000,<10000
CM119-NA,CF120-NA,<10000,35529,305389,<10000,<10000
CM120-NA,CF121-NA,<10000,298659,2.70976e+06,<10000,<10000
CM121-NA,CF122-NA,<10000,<10000,3.21789e+06,21876.9,<10000
CM122-NA,CF123-NA,<10000,<10000,174570,<10000,<10000
CM123-NA,CF124-NA,<10000,<10000,2.8872e+06,23114.6,<10000
CM125-NA,CF126-NA,<10000,<10000,20845.5,<10000,<10000
CM126-NA,CF127-NA,<10000,<10000,10636.9,<10000,<10000
CM127-NA,CF128-NA,<10000,<10000,75729,<10000,<10000
CM128-NA,CF129-NA,<10000,<10000,307238,<10000,<10000
CM130-NA,CF131-NA,<10000,<10000,1.67764e+06,42910.6,<10000
CM131-NA,CF132-NA,<10000,<10000,27931.5,<10000,<10000
CM132-NA,CF133-NA,<10000,519925,3.30106e+07,<10000,<10000
CM134-NA,CF135-NA,<10000,<10000,585227,<10000,<10000
CM135-NA,CF136-NA,<10000,<10000,137735,<10000,<10000
CM136-NA,CF137-NA,<10000,104712,53320.4,<10000,<10000
CM137-NA,CF138-NA,<10000,<10000,3.28937e+07,22219.5,<10000
CM139-NA,CF140-NA,<10000,33868.9,<10000,<10000,<10000
CM140-NA,CF141-NA,<10000,<10000,55185.8,<10000,<10000
CM141-NA,CF142-NA,<10000,1.07997e+06,724520,13447.1,<10000
CM142-NA,CF143-NA,<10000,5.98156e+06,1.08483e+08,20609.4,<10000
CM146-NA,CF147-NA,<10000,763771,29767.7,10654.2,<10000
CM148-NA,CF149-NA,<10000,30649.7,75177.8,<10000,<10000
CM149-NA,CF150-NA,<10000,1.47729e+06,228060,12213.3,<10000
CM152-NA,CF153-NA,<10000,46637.4,119589,<10000,<10000
CM153-NA,CF154-NA,<10000,847310,2.26039e+06,<10000,<10000
CM156-NA,CF157-NA,<10000,<10000,53997.6,<10000,<10000
CM157-NA,CF158-NA,<10000,595307,807785,<10000,<10000
CM159-NA,CF160-NA,<10000,<10000,2.40317e+06,<10000,<10000
